pgbench (18.6 (Debian 18.6-1.pgdg13+2))
starting vacuum...end.
transaction type: <builtin: select only>
scaling factor: 1000
query mode: simple
number of clients: 64
number of threads: 16
maximum number of tries: 1
duration: 480 s
number of transactions actually processed: 53236677
number of failed transactions: 0 (0.000%)
latency average = 0.594 ms
latency stddev = 0.965 ms
rate limit schedule lag: avg 0.204 (max 52.494) ms
initial connection time = 102.241 ms
tps = 110933.181851 (without initial connection time)
---AAD-PGBENCH-LATENCY-US---
rc=0
samples=1064802
      1 222
      2 232
      4 233
      9 234
      9 235
     11 236
     14 237
     23 238
     16 239
     34 240
     38 241
     44 242
     62 243
     74 244
    104 245
    124 246
    118 247
    152 248
    204 249
    234 250
    250 251
    343 252
    322 253
    434 254
    496 255
    594 256
    657 257
    711 258
    774 259
    918 260
    982 261
   1083 262
   1206 263
   1271 264
   1379 265
   1581 266
   1709 267
   1841 268
   1966 269
   1955 270
   2245 271
   2236 272
   2381 273
   2575 274
   2678 275
   2769 276
   2809 277
   2952 278
   2925 279
   3035 280
   3009 281
   3093 282
   3159 283
   3214 284
   3240 285
   3236 286
   3346 287
   3410 288
   3389 289
   3409 290
   3446 291
   3431 292
   3424 293
   3646 294
   3580 295
   3472 296
   3886 297
   3677 298
   3867 299
   3941 300
   4036 301
   3957 302
   4035 303
   4227 304
   4205 305
   4206 306
   4483 307
   4558 308
   4618 309
   4699 310
   4884 311
   4788 312
   4898 313
   4981 314
   5213 315
   5220 316
   5285 317
   5410 318
   5405 319
   5612 320
   5594 321
   5813 322
   6043 323
   5914 324
   6103 325
   6053 326
   6168 327
   6426 328
   6343 329
   6614 330
   6819 331
   6705 332
   6886 333
   7075 334
   7110 335
   7266 336
   7382 337
   7379 338
   7627 339
   7643 340
   7862 341
   7844 342
   7739 343
   7876 344
   7830 345
   7906 346
   7768 347
   7645 348
   7693 349
   7276 350
   7315 351
   7097 352
   6903 353
   6777 354
   6589 355
   6678 356
   6444 357
   6320 358
   6269 359
   6087 360
   5952 361
   6034 362
   5611 363
   5620 364
   5714 365
   5582 366
   5350 367
   5509 368
   5540 369
   5473 370
   5373 371
   5246 372
   5312 373
   5136 374
   5164 375
   5158 376
   5067 377
   5031 378
   4998 379
   4894 380
   4886 381
   4924 382
   4825 383
   4766 384
   4742 385
   4725 386
   4491 387
   4743 388
   4542 389
   4647 390
   4586 391
   4670 392
   4441 393
   4551 394
   4579 395
   4497 396
   4519 397
   4422 398
   4505 399
   4343 400
   4487 401
   4409 402
   4522 403
   4425 404
   4471 405
   4476 406
   4444 407
   4503 408
   4631 409
   4413 410
   4413 411
   4428 412
   4390 413
   4452 414
   4310 415
   4283 416
   4232 417
   4092 418
   4004 419
   3997 420
   3800 421
   3723 422
   3585 423
   3622 424
   3488 425
   3524 426
   3340 427
   3245 428
   3198 429
   3160 430
   3074 431
   3068 432
   2967 433
   3008 434
   2944 435
   2881 436
   2728 437
   2807 438
   2689 439
   2704 440
   2624 441
   2616 442
   2600 443
   2516 444
   2536 445
   2566 446
   2449 447
   2350 448
   2479 449
   2326 450
   2331 451
   2245 452
   2308 453
   2239 454
   2261 455
   2192 456
   2166 457
   2151 458
   2095 459
   2237 460
   2142 461
   2144 462
   2088 463
   2093 464
   2082 465
   2037 466
   2013 467
   1981 468
   2086 469
   2067 470
   2052 471
   2009 472
   2018 473
   2004 474
   2096 475
   1946 476
   1849 477
   1953 478
   1937 479
   1918 480
   1900 481
   1790 482
   1825 483
   1825 484
   1866 485
   1786 486
   1670 487
   1674 488
   1679 489
   1616 490
   1581 491
   1556 492
   1523 493
   1463 494
   1482 495
   1404 496
   1400 497
   1358 498
   1358 499
   1289 500
   1227 501
   1258 502
   1291 503
   1190 504
   1183 505
   1194 506
   1242 507
   1134 508
   1113 509
   1092 510
   1133 511
   1111 512
    984 513
    984 514
    976 515
   1077 516
   1032 517
   1025 518
    988 519
   1006 520
    973 521
    932 522
    937 523
    951 524
    965 525
    956 526
    882 527
    912 528
    888 529
    860 530
    912 531
    898 532
    858 533
    842 534
    853 535
    877 536
    818 537
    875 538
    803 539
    849 540
    832 541
    803 542
    803 543
    794 544
    801 545
    769 546
    772 547
    827 548
    760 549
    799 550
    754 551
    749 552
    791 553
    722 554
    668 555
    695 556
    707 557
    679 558
    607 559
    668 560
    661 561
    625 562
    595 563
    610 564
    562 565
    546 566
    558 567
    568 568
    567 569
    511 570
    531 571
    499 572
    507 573
    489 574
    467 575
    466 576
    450 577
    479 578
    470 579
    496 580
    434 581
    435 582
    443 583
    420 584
    430 585
    430 586
    448 587
    399 588
    447 589
    392 590
    377 591
    397 592
    362 593
    372 594
    361 595
    379 596
    400 597
    370 598
    330 599
    321 600
    365 601
    385 602
    345 603
    327 604
    345 605
    325 606
    331 607
    294 608
    296 609
    326 610
    330 611
    290 612
    318 613
    313 614
    332 615
    306 616
    314 617
    297 618
    301 619
    303 620
    299 621
    291 622
    265 623
    286 624
    264 625
    277 626
    276 627
    259 628
    256 629
    244 630
    241 631
    227 632
    244 633
    248 634
    239 635
    231 636
    235 637
    227 638
    216 639
    226 640
    242 641
    189 642
    200 643
    203 644
    182 645
    190 646
    202 647
    193 648
    192 649
    185 650
    179 651
    170 652
    174 653
    169 654
    168 655
    152 656
    158 657
    151 658
    174 659
    170 660
    158 661
    151 662
    157 663
    147 664
    150 665
    142 666
    165 667
    152 668
    126 669
    141 670
    135 671
    141 672
    120 673
    125 674
    118 675
    151 676
    133 677
    129 678
    140 679
    122 680
    129 681
    142 682
    131 683
    140 684
    131 685
    116 686
    116 687
    135 688
    119 689
    119 690
    123 691
    117 692
    121 693
    105 694
    122 695
    116 696
    129 697
     84 698
     88 699
     97 700
     92 701
    123 702
     84 703
     87 704
     76 705
     96 706
     96 707
    103 708
     73 709
     78 710
     89 711
     93 712
     95 713
     85 714
     73 715
     70 716
     66 717
     74 718
     73 719
     78 720
     82 721
     65 722
     70 723
     68 724
     77 725
     61 726
     58 727
     56 728
     65 729
     66 730
     71 731
     48 732
     69 733
     63 734
     61 735
     58 736
     71 737
     53 738
     61 739
     39 740
     67 741
     56 742
     50 743
     57 744
     65 745
     56 746
     59 747
     64 748
     60 749
     62 750
     50 751
     38 752
     60 753
     52 754
     49 755
     48 756
     46 757
     47 758
     47 759
     60 760
     53 761
     58 762
     38 763
     49 764
     41 765
     67 766
     48 767
     41 768
     35 769
     30 770
     41 771
     37 772
     49 773
     48 774
     49 775
     30 776
     41 777
     39 778
     38 779
     39 780
     45 781
     29 782
     34 783
     40 784
     22 785
     27 786
     45 787
     45 788
     35 789
     30 790
     41 791
     34 792
     32 793
     33 794
     34 795
     27 796
     25 797
     30 798
     44 799
     27 800
     28 801
     36 802
     28 803
     27 804
     29 805
     32 806
     32 807
     37 808
     28 809
     37 810
     18 811
     26 812
     30 813
     27 814
     16 815
     29 816
     24 817
     20 818
     27 819
     28 820
     24 821
     22 822
     25 823
     24 824
     32 825
     19 826
     28 827
     15 828
     17 829
     29 830
     22 831
     28 832
     34 833
     21 834
     21 835
     19 836
     13 837
     23 838
     21 839
     13 840
     16 841
     14 842
     19 843
     22 844
     19 845
     19 846
     18 847
     18 848
     17 849
     14 850
     16 851
     16 852
      9 853
     12 854
     22 855
     17 856
     18 857
     21 858
     13 859
     18 860
     12 861
     13 862
     14 863
     18 864
     22 865
     15 866
     20 867
     11 868
     19 869
     22 870
     16 871
     15 872
     14 873
     15 874
     12 875
     16 876
     20 877
     13 878
     14 879
     11 880
      6 881
     11 882
     21 883
     10 884
     12 885
      7 886
     13 887
     18 888
     16 889
     11 890
     14 891
     15 892
      5 893
     10 894
     10 895
     17 896
     10 897
      7 898
      7 899
     19 900
     13 901
      7 902
     12 903
     14 904
      9 905
     10 906
      6 907
     11 908
      8 909
      9 910
     17 911
      7 912
      5 913
      8 914
     11 915
      9 916
      8 917
     11 918
      9 919
     11 920
     10 921
     14 922
      8 923
     12 924
     12 925
     13 926
      7 927
     12 928
      3 929
     16 930
      6 931
     10 932
      9 933
     10 934
      9 935
      3 936
     11 937
      9 938
     11 939
      9 940
     10 941
      6 942
      6 943
     10 944
      4 945
      4 946
      9 947
     11 948
     10 949
      9 950
      3 951
      5 952
     12 953
      9 954
      8 955
      5 956
     13 957
      7 958
     14 959
      8 960
      7 961
     14 962
      2 963
      9 964
     16 965
      6 966
      4 967
      4 968
      7 969
      9 970
     10 971
      5 972
      8 973
      7 974
      7 975
     12 976
      6 977
      1 978
      9 979
      2 980
      7 981
      5 982
      7 983
      6 984
      9 985
      3 986
      5 987
      6 988
      4 989
      4 990
      7 991
      8 992
     11 993
      3 994
      6 995
      8 996
     10 997
      7 998
      5 999
      3 1000
      9 1001
      7 1002
      5 1003
      4 1004
      2 1005
      7 1006
      9 1007
      5 1008
      3 1009
      6 1010
      9 1011
     12 1012
      9 1013
      5 1014
      6 1015
      3 1016
      3 1017
      8 1018
      5 1019
      4 1020
      3 1021
      2 1022
      3 1023
      5 1024
      4 1025
      3 1026
      6 1027
      4 1028
      1 1029
      3 1030
      5 1031
      2 1032
      3 1033
      3 1034
      4 1035
      8 1036
      5 1037
      6 1038
      7 1039
      5 1040
      9 1041
      4 1042
      5 1043
      3 1044
      5 1045
      4 1046
      6 1047
      8 1048
      2 1049
      4 1050
      6 1051
      4 1052
      3 1053
      4 1054
      6 1055
      3 1056
      5 1057
      3 1058
     10 1059
      5 1060
      6 1061
      1 1062
      5 1063
      3 1064
      4 1065
      9 1066
      4 1067
      4 1068
      4 1069
      5 1070
      6 1071
      2 1072
      5 1073
      1 1074
      5 1075
      3 1076
      4 1077
      6 1078
      7 1079
      5 1080
      4 1081
      6 1082
      5 1083
      5 1084
      4 1085
      3 1086
      6 1087
      3 1088
      7 1089
      4 1090
      4 1091
      4 1092
      3 1093
      4 1094
      4 1095
      1 1096
      5 1097
      5 1098
      4 1099
      2 1100
      3 1101
      3 1102
      6 1103
      4 1104
      4 1105
      7 1106
      4 1107
     10 1108
      5 1109
      3 1110
      8 1111
      7 1112
      4 1113
      6 1114
      4 1115
      2 1116
      4 1117
      2 1118
      1 1119
      3 1120
      5 1121
      4 1122
      6 1123
      3 1124
      3 1125
      3 1126
      1 1127
      6 1128
      1 1129
      4 1130
      2 1131
      7 1132
      1 1133
      3 1134
      6 1135
      5 1136
      2 1137
      3 1138
      3 1139
      4 1140
      4 1142
      7 1143
      2 1144
      3 1145
      2 1146
      5 1147
      6 1148
      4 1149
      7 1150
      5 1151
      2 1152
      5 1153
      3 1154
      8 1155
      3 1156
      7 1157
      3 1158
      2 1159
      3 1160
      3 1161
      3 1162
      4 1163
      1 1164
      8 1165
      5 1166
      3 1167
      9 1168
      3 1169
      4 1170
      4 1171
      3 1172
      2 1173
      3 1174
      4 1175
      5 1176
      1 1177
      4 1178
      1 1179
      3 1180
      3 1181
      6 1182
      5 1183
      3 1184
      6 1185
      4 1186
      2 1187
      4 1189
      6 1190
      3 1191
      6 1192
      4 1193
      4 1194
      2 1195
      2 1196
      8 1197
      1 1198
      4 1199
      6 1200
      3 1201
      4 1202
      3 1203
      5 1204
      4 1205
      4 1206
      2 1207
      3 1208
      5 1209
      6 1210
      3 1211
      5 1212
     11 1213
      4 1214
      4 1216
      4 1217
      3 1218
      4 1219
      3 1220
      4 1221
      3 1222
      3 1223
      4 1224
      3 1225
      3 1226
      5 1228
      3 1229
      5 1230
      5 1231
      2 1232
      3 1233
      2 1234
      2 1235
      5 1236
      2 1237
      4 1238
      5 1239
      3 1240
      3 1241
      5 1242
      1 1243
      4 1244
      5 1245
      4 1246
      6 1247
      6 1248
      7 1250
      6 1251
      3 1252
      2 1253
      8 1254
      2 1255
      2 1256
      5 1257
      2 1258
      7 1259
      4 1260
      8 1261
      2 1262
      8 1263
      3 1264
      2 1265
      6 1266
      5 1267
      7 1269
      7 1270
      2 1271
      8 1273
      3 1274
      3 1275
      3 1277
      1 1278
      3 1279
      3 1280
      7 1281
      4 1282
      6 1283
      6 1284
      3 1285
      6 1286
      5 1287
      3 1288
      5 1289
      5 1290
      8 1291
      3 1292
      4 1293
      5 1294
      3 1295
      2 1296
      8 1297
      3 1298
      7 1299
      7 1300
      4 1301
      4 1302
      6 1303
      4 1304
      6 1305
      5 1306
      4 1307
      2 1308
      7 1309
      3 1310
      5 1311
      4 1312
      3 1313
      6 1314
      4 1315
      7 1316
      4 1317
      3 1318
      9 1319
      6 1320
      4 1321
      5 1322
      3 1323
      3 1324
      4 1325
      5 1326
      2 1327
      2 1328
      5 1329
      6 1330
      2 1331
      9 1332
      7 1333
      7 1334
      5 1335
      7 1336
      6 1337
      4 1338
      6 1339
      4 1340
      4 1341
      6 1342
      3 1343
      2 1344
      7 1345
      3 1346
      5 1347
      5 1348
      2 1349
      4 1350
      5 1351
      3 1352
      2 1353
      6 1354
      5 1355
      6 1356
      7 1357
      6 1358
      3 1359
      7 1360
      2 1361
      3 1362
      5 1363
      7 1364
      2 1365
      1 1366
      1 1367
      5 1368
      3 1369
      9 1370
      7 1371
      4 1372
      1 1373
      5 1374
      4 1375
      3 1376
      3 1377
      3 1378
      5 1379
      6 1380
      7 1381
      5 1382
      3 1383
      5 1384
      7 1385
      4 1386
      5 1387
      8 1388
      4 1389
      9 1390
      2 1391
      5 1392
      4 1393
      7 1394
      9 1395
      6 1396
      6 1397
      5 1398
     13 1399
      9 1400
      7 1401
      8 1402
      5 1403
      5 1404
      5 1405
      7 1406
      6 1407
      5 1408
      3 1409
      4 1410
      7 1411
      2 1412
      8 1413
      7 1414
      4 1415
      3 1416
      7 1417
     11 1418
      7 1419
      4 1420
      2 1421
      5 1422
      6 1423
      2 1424
      6 1425
      3 1426
      5 1427
      7 1428
      5 1429
      3 1430
      5 1431
     11 1432
      7 1433
      5 1434
      3 1435
      9 1436
      6 1437
      6 1438
      8 1439
      8 1440
      7 1441
      5 1442
      6 1443
      4 1444
      7 1445
      3 1446
      6 1447
      8 1448
      5 1449
      3 1450
      4 1451
      5 1452
      6 1453
      8 1454
      5 1455
      1 1456
      1 1457
      5 1458
      2 1459
     13 1460
      6 1461
      7 1462
      5 1463
      4 1464
      2 1465
      7 1466
      4 1467
      4 1468
      5 1469
      4 1470
      6 1471
      3 1472
      4 1473
      4 1474
      2 1475
      5 1476
      3 1477
      2 1478
      2 1479
      7 1480
      4 1481
      1 1482
      4 1483
      4 1484
      3 1485
      1 1486
      2 1487
      3 1488
      8 1489
      3 1490
      4 1491
      2 1492
      8 1493
      3 1494
      5 1495
      4 1496
      2 1497
      4 1498
      3 1500
      4 1501
      6 1502
      5 1503
      2 1504
      3 1505
      4 1506
      4 1507
      4 1508
      8 1509
      4 1510
      4 1511
      3 1512
      5 1513
      6 1514
      1 1515
      2 1516
      5 1517
      1 1518
      2 1519
      3 1520
      4 1521
      3 1522
      4 1523
      4 1524
      1 1525
      3 1526
      1 1527
      2 1528
      6 1529
      1 1530
      5 1531
      4 1532
      5 1534
      3 1535
      2 1536
      2 1537
      6 1538
      3 1539
      4 1541
      1 1543
      5 1544
      1 1545
      2 1546
      5 1547
      2 1548
      2 1549
      6 1550
      5 1551
      2 1552
      1 1553
      4 1554
      7 1555
      4 1556
      7 1557
      3 1558
      3 1559
      4 1560
      2 1561
      2 1562
      1 1563
      3 1564
      5 1565
      2 1566
      3 1567
      1 1568
      3 1569
      3 1570
      3 1571
      2 1572
      1 1573
      2 1574
      2 1575
      2 1576
      5 1577
      2 1579
      3 1580
      1 1581
      2 1582
      2 1583
      1 1585
      3 1586
      2 1587
      2 1588
      2 1589
      2 1592
      2 1593
      1 1595
      1 1596
      1 1597
      2 1598
      2 1599
      4 1600
      1 1601
      3 1604
      3 1605
      1 1606
      3 1607
      1 1608
      1 1609
      2 1610
      3 1611
      3 1612
      1 1613
      1 1614
      3 1615
      3 1617
      1 1618
      1 1619
      1 1620
      1 1622
      2 1623
      1 1624
      1 1625
      1 1628
      2 1629
      2 1632
      2 1633
      1 1634
      2 1635
      1 1637
      1 1638
      1 1639
      1 1640
      1 1641
      1 1643
      1 1645
      1 1646
      1 1647
      2 1648
      1 1649
      1 1653
      3 1660
      1 1663
      2 1665
      1 1667
      1 1668
      1 1670
      1 1672
      1 1673
      1 1674
      1 1675
      1 1676
      1 1677
      1 1681
      1 1682
      1 1684
      1 1687
      3 1688
      2 1697
      1 1699
      1 1700
      1 1704
      1 1705
      1 1710
      1 1714
      1 1717
      1 1718
      1 1721
      1 1729
      1 1732
      2 1733
      1 1734
      1 1735
      1 1741
      1 1745
      1 1747
      1 1750
      1 1753
      1 1754
      1 1756
      1 1759
      1 1770
      1 1773
      1 1774
      1 1776
      1 1781
      2 1783
      1 1801
      1 1805
      1 1810
      1 1811
      1 1816
      1 1823
      1 1827
      1 1842
      1 1845
      1 1856
      1 1857
      1 1903
      1 1962
      2 1986
      1 1998
      1 2003
      1 2005
      1 2017
      1 2022
      1 2023
      1 2061
      1 2115
      1 2171
      1 2183
      1 2186
      1 2320
      1 2341
      1 2381
      1 2422
      1 2445
      1 2526
      1 2541
      1 2564
      1 2603
      1 2709
      1 2727
      1 2976
      1 2994
      1 3072
      1 3092
      1 3436
      1 3581
      1 3613
      1 3676
      1 3764
      1 3773
      1 3909
      1 4134
      1 9118
      1 19032
      1 21254
---AAD-PGBENCH-LAG-US---
   7580 0
   6996 1
   6359 2
   5956 3
   5920 4
   6000 5
   5547 6
   5304 7
   5275 8
   5320 9
   5277 10
   5254 11
   5296 12
   5092 13
   5302 14
   5157 15
   5180 16
   5365 17
   5182 18
   5363 19
   5233 20
   5233 21
   5224 22
   5234 23
   5160 24
   5383 25
   5316 26
   5258 27
   5310 28
   5327 29
   5376 30
   5271 31
   5257 32
   5393 33
   5315 34
   5389 35
   5156 36
   5388 37
   5221 38
   5233 39
   5253 40
   5215 41
   5189 42
   5120 43
   5127 44
   5174 45
   5190 46
   5170 47
   5122 48
   5123 49
   5137 50
   4882 51
   4549 52
   4229 53
   4552 54
  13494 55
  17590 56
   9945 57
   8387 58
   7988 59
   7823 60
  10183 61
  25412 62
  47415 63
  72770 64
  39045 65
  17238 66
  13831 67
  13046 68
  14356 69
  16180 70
  14239 71
  13660 72
   9738 73
   6224 74
   5412 75
   4872 76
   4258 77
   4212 78
   3949 79
   3224 80
   2700 81
   2524 82
   2150 83
   2081 84
   1918 85
   1859 86
   1708 87
   1697 88
   1673 89
   1588 90
   1579 91
   1530 92
   1514 93
   1458 94
   1419 95
   1474 96
   1471 97
   1460 98
   1387 99
   1418 100
   1444 101
   1397 102
   1443 103
   1342 104
   1407 105
   1392 106
   1415 107
   1353 108
   1400 109
   1338 110
   1395 111
   1365 112
   1359 113
   1320 114
   1311 115
   1393 116
   1301 117
   1401 118
   1365 119
   1379 120
   1263 121
   1292 122
   1301 123
   1266 124
   1285 125
   1351 126
   1320 127
   1367 128
   1331 129
   1370 130
   1278 131
   1301 132
   1287 133
   1310 134
   1276 135
   1277 136
   1239 137
   1339 138
   1275 139
   1270 140
   1314 141
   1327 142
   1281 143
   1250 144
   1318 145
   1310 146
   1260 147
   1221 148
   1239 149
   1240 150
   1270 151
   1206 152
   1243 153
   1204 154
   1237 155
   1156 156
   1222 157
   1303 158
   1234 159
   1263 160
   1217 161
   1234 162
   1208 163
   1220 164
   1150 165
   1213 166
   1193 167
   1202 168
   1177 169
   1149 170
   1214 171
   1186 172
   1178 173
   1159 174
   1178 175
   1178 176
   1200 177
   1111 178
   1084 179
   1127 180
   1145 181
   1041 182
   1122 183
   1176 184
   1158 185
   1109 186
   1167 187
   1077 188
   1075 189
   1125 190
   1109 191
   1102 192
   1128 193
   1052 194
   1103 195
   1043 196
   1096 197
   1084 198
   1072 199
   1087 200
   1047 201
   1100 202
   1120 203
   1058 204
   1053 205
   1078 206
   1096 207
   1006 208
   1057 209
   1001 210
   1005 211
   1110 212
    992 213
   1035 214
    976 215
    945 216
   1004 217
   1034 218
    958 219
    915 220
    985 221
    913 222
   1022 223
    986 224
    988 225
    896 226
    984 227
    920 228
    960 229
    939 230
    976 231
    948 232
    903 233
    964 234
    953 235
    896 236
    915 237
    903 238
    883 239
    850 240
    879 241
    925 242
    848 243
    866 244
    876 245
    831 246
    862 247
    842 248
    836 249
    848 250
    806 251
    860 252
    831 253
    788 254
    809 255
    805 256
    806 257
    781 258
    768 259
    790 260
    760 261
    783 262
    787 263
    770 264
    688 265
    782 266
    713 267
    760 268
    768 269
    755 270
    752 271
    765 272
    717 273
    705 274
    764 275
    718 276
    660 277
    662 278
    691 279
    679 280
    692 281
    691 282
    653 283
    691 284
    641 285
    640 286
    659 287
    692 288
    678 289
    606 290
    616 291
    652 292
    633 293
    623 294
    624 295
    573 296
    568 297
    588 298
    637 299
    590 300
    560 301
    548 302
    591 303
    559 304
    523 305
    585 306
    577 307
    602 308
    567 309
    529 310
    509 311
    510 312
    532 313
    496 314
    512 315
    545 316
    569 317
    491 318
    481 319
    509 320
    516 321
    479 322
    529 323
    514 324
    524 325
    464 326
    476 327
    506 328
    525 329
    483 330
    462 331
    466 332
    466 333
    488 334
    498 335
    453 336
    481 337
    423 338
    456 339
    409 340
    418 341
    437 342
    433 343
    434 344
    365 345
    450 346
    390 347
    397 348
    394 349
    430 350
    437 351
    412 352
    406 353
    389 354
    411 355
    418 356
    378 357
    375 358
    419 359
    389 360
    416 361
    397 362
    357 363
    370 364
    415 365
    393 366
    367 367
    378 368
    336 369
    324 370
    345 371
    380 372
    388 373
    333 374
    337 375
    338 376
    383 377
    365 378
    354 379
    329 380
    373 381
    314 382
    317 383
    326 384
    374 385
    336 386
    305 387
    314 388
    319 389
    340 390
    328 391
    335 392
    311 393
    305 394
    326 395
    316 396
    308 397
    314 398
    296 399
    280 400
    300 401
    294 402
    287 403
    309 404
    281 405
    269 406
    257 407
    280 408
    284 409
    290 410
    276 411
    286 412
    266 413
    293 414
    277 415
    282 416
    251 417
    284 418
    249 419
    246 420
    278 421
    248 422
    286 423
    257 424
    249 425
    259 426
    255 427
    235 428
    238 429
    257 430
    285 431
    219 432
    246 433
    228 434
    252 435
    236 436
    212 437
    216 438
    238 439
    264 440
    221 441
    202 442
    244 443
    222 444
    245 445
    216 446
    240 447
    228 448
    223 449
    225 450
    218 451
    224 452
    201 453
    194 454
    192 455
    246 456
    233 457
    212 458
    212 459
    175 460
    202 461
    190 462
    199 463
    211 464
    217 465
    214 466
    192 467
    222 468
    181 469
    198 470
    183 471
    206 472
    181 473
    181 474
    178 475
    184 476
    185 477
    181 478
    206 479
    185 480
    182 481
    200 482
    182 483
    187 484
    172 485
    178 486
    183 487
    181 488
    178 489
    164 490
    157 491
    171 492
    174 493
    178 494
    160 495
    166 496
    169 497
    172 498
    177 499
    153 500
    155 501
    163 502
    158 503
    164 504
    177 505
    142 506
    161 507
    173 508
    180 509
    154 510
    188 511
    175 512
    162 513
    181 514
    146 515
    154 516
    177 517
    166 518
    163 519
    138 520
    152 521
    149 522
    153 523
    129 524
    140 525
    144 526
    145 527
    161 528
    136 529
    149 530
    128 531
    154 532
    127 533
    131 534
    135 535
    137 536
    131 537
    137 538
    135 539
    134 540
    147 541
    134 542
    146 543
    121 544
    150 545
    124 546
    117 547
    122 548
    131 549
    141 550
    133 551
    115 552
    104 553
    127 554
    133 555
    118 556
    124 557
    122 558
    128 559
    119 560
    117 561
    138 562
    126 563
    106 564
    115 565
    120 566
    126 567
    114 568
    111 569
    127 570
    113 571
    100 572
    124 573
    105 574
    115 575
    112 576
    121 577
    120 578
    132 579
    100 580
    104 581
    113 582
    118 583
    104 584
    102 585
    121 586
    118 587
    115 588
    106 589
    116 590
    111 591
    113 592
    122 593
    107 594
    109 595
    104 596
     97 597
    106 598
    116 599
    118 600
    100 601
    116 602
    104 603
    120 604
     98 605
    103 606
    104 607
    100 608
     98 609
    117 610
    119 611
    113 612
    100 613
    106 614
     77 615
     94 616
     96 617
     91 618
    115 619
     88 620
    104 621
    109 622
     95 623
     87 624
     84 625
     92 626
     99 627
    100 628
    101 629
     88 630
     97 631
     87 632
     89 633
     97 634
     86 635
     91 636
     79 637
     78 638
     74 639
     89 640
     84 641
     86 642
    111 643
     79 644
    101 645
     92 646
     85 647
     90 648
     72 649
     90 650
     92 651
     81 652
     87 653
     92 654
    104 655
     68 656
     83 657
     98 658
     74 659
     94 660
     68 661
     74 662
     75 663
     74 664
     65 665
     86 666
     84 667
     82 668
     64 669
     70 670
     79 671
     72 672
     92 673
     81 674
     81 675
     75 676
     73 677
     83 678
     55 679
     61 680
     79 681
     66 682
     85 683
     72 684
     64 685
     72 686
     72 687
     70 688
     72 689
     79 690
     84 691
     67 692
     81 693
     66 694
     74 695
     78 696
     74 697
     65 698
     94 699
     71 700
     74 701
     75 702
     72 703
     59 704
     68 705
     79 706
     77 707
     67 708
     59 709
     69 710
     72 711
     68 712
     75 713
     63 714
     70 715
     66 716
     69 717
     71 718
     66 719
     58 720
     61 721
     69 722
     72 723
     61 724
     47 725
     65 726
     59 727
     54 728
     76 729
     67 730
     58 731
     66 732
     63 733
     50 734
     72 735
     53 736
     63 737
     57 738
     61 739
     77 740
     56 741
     80 742
     51 743
     62 744
     56 745
     60 746
     54 747
     69 748
     62 749
     68 750
     63 751
     50 752
     52 753
     62 754
     59 755
     63 756
     52 757
     60 758
     50 759
     53 760
     64 761
     57 762
     53 763
     63 764
     59 765
     54 766
     72 767
     58 768
     62 769
     46 770
     56 771
     44 772
     53 773
     50 774
     61 775
     49 776
     53 777
     44 778
     51 779
     37 780
     45 781
     44 782
     48 783
     53 784
     69 785
     52 786
     68 787
     47 788
     44 789
     49 790
     49 791
     57 792
     47 793
     53 794
     46 795
     42 796
     70 797
     44 798
     52 799
     58 800
     53 801
     39 802
     43 803
     44 804
     39 805
     57 806
     43 807
     52 808
     50 809
     50 810
     47 811
     54 812
     41 813
     54 814
     46 815
     52 816
     40 817
     53 818
     36 819
     37 820
     41 821
     36 822
     38 823
     43 824
     43 825
     38 826
     38 827
     50 828
     41 829
     50 830
     41 831
     61 832
     34 833
     46 834
     41 835
     52 836
     38 837
     44 838
     43 839
     41 840
     44 841
     48 842
     47 843
     40 844
     39 845
     39 846
     37 847
     37 848
     48 849
     43 850
     21 851
     56 852
     39 853
     32 854
     41 855
     50 856
     49 857
     44 858
     35 859
     35 860
     49 861
     39 862
     48 863
     43 864
     37 865
     42 866
     30 867
     34 868
     38 869
     36 870
     39 871
     51 872
     43 873
     36 874
     41 875
     40 876
     38 877
     35 878
     45 879
     39 880
     56 881
     30 882
     56 883
     50 884
     50 885
     35 886
     31 887
     39 888
     26 889
     25 890
     40 891
     33 892
     32 893
     33 894
     43 895
     44 896
     36 897
     43 898
     45 899
     32 900
     41 901
     40 902
     41 903
     37 904
     45 905
     38 906
     37 907
     43 908
     27 909
     40 910
     48 911
     44 912
     40 913
     34 914
     36 915
     22 916
     27 917
     31 918
     40 919
     22 920
     47 921
     30 922
     34 923
     39 924
     36 925
     29 926
     24 927
     37 928
     23 929
     30 930
     34 931
     31 932
     32 933
     31 934
     35 935
     25 936
     32 937
     33 938
     32 939
     35 940
     37 941
     26 942
     35 943
     20 944
     30 945
     43 946
     45 947
     41 948
     27 949
     44 950
     33 951
     31 952
     44 953
     40 954
     38 955
     33 956
     32 957
     31 958
     28 959
     31 960
     44 961
     32 962
     31 963
     32 964
     39 965
     22 966
     28 967
     23 968
     36 969
     39 970
     39 971
     28 972
     28 973
     23 974
     30 975
     32 976
     29 977
     24 978
     33 979
     37 980
     30 981
     33 982
     36 983
     31 984
     34 985
     22 986
     27 987
     32 988
     29 989
     28 990
     21 991
     34 992
     32 993
     23 994
     29 995
     24 996
     24 997
     33 998
     24 999
     39 1000
     24 1001
     25 1002
     32 1003
     22 1004
     21 1005
     34 1006
     32 1007
     26 1008
     31 1009
     35 1010
     23 1011
     31 1012
     33 1013
     36 1014
     28 1015
     34 1016
     24 1017
     28 1018
     38 1019
     24 1020
     24 1021
     41 1022
     29 1023
     18 1024
     29 1025
     24 1026
     25 1027
     20 1028
     21 1029
     28 1030
     27 1031
     28 1032
     20 1033
     20 1034
     26 1035
     31 1036
     24 1037
     29 1038
     24 1039
     20 1040
     25 1041
     29 1042
     29 1043
     29 1044
     24 1045
     30 1046
     30 1047
     22 1048
     18 1049
     31 1050
     33 1051
     26 1052
     28 1053
     28 1054
     19 1055
     15 1056
     13 1057
     20 1058
     28 1059
     23 1060
     25 1061
     30 1062
     20 1063
     26 1064
     22 1065
     26 1066
     22 1067
     25 1068
     23 1069
     17 1070
     29 1071
     21 1072
     25 1073
     19 1074
     22 1075
     33 1076
     21 1077
     23 1078
     23 1079
     15 1080
     17 1081
     24 1082
     23 1083
     19 1084
     17 1085
     24 1086
     25 1087
     18 1088
     27 1089
     23 1090
     23 1091
     21 1092
     31 1093
     30 1094
     24 1095
     20 1096
     26 1097
     22 1098
     21 1099
     16 1100
     27 1101
     27 1102
     23 1103
     17 1104
     17 1105
     20 1106
     24 1107
     26 1108
     20 1109
     16 1110
     21 1111
     19 1112
     29 1113
     24 1114
     23 1115
     16 1116
     30 1117
     14 1118
     17 1119
     16 1120
     18 1121
     21 1122
     21 1123
     17 1124
     19 1125
     24 1126
     15 1127
     19 1128
     18 1129
     19 1130
     20 1131
     28 1132
     18 1133
     17 1134
     16 1135
     23 1136
     20 1137
     22 1138
     28 1139
     15 1140
     27 1141
     24 1142
     20 1143
     28 1144
     27 1145
     16 1146
     27 1147
     23 1148
     28 1149
     17 1150
     24 1151
     26 1152
     27 1153
     16 1154
     30 1155
     18 1156
     11 1157
     21 1158
     25 1159
     18 1160
     20 1161
     23 1162
     24 1163
     23 1164
     18 1165
     20 1166
     17 1167
     21 1168
     17 1169
     22 1170
     24 1171
     18 1172
     14 1173
     21 1174
     18 1175
     17 1176
     23 1177
     15 1178
     24 1179
     20 1180
     20 1181
     21 1182
     22 1183
     22 1184
     21 1185
     15 1186
     20 1187
     18 1188
     25 1189
      9 1190
     17 1191
     20 1192
     22 1193
     15 1194
     20 1195
     22 1196
     14 1197
     26 1198
     25 1199
     20 1200
     17 1201
     15 1202
     16 1203
     30 1204
     17 1205
      9 1206
     18 1207
     23 1208
     12 1209
     19 1210
     20 1211
     19 1212
     13 1213
     20 1214
     16 1215
     23 1216
     11 1217
     22 1218
     19 1219
     24 1220
     12 1221
     23 1222
     16 1223
     17 1224
     25 1225
     16 1226
     19 1227
     20 1228
     19 1229
     27 1230
     13 1231
     14 1232
     12 1233
     16 1234
     18 1235
      9 1236
     22 1237
     18 1238
     17 1239
     20 1240
      8 1241
     21 1242
     15 1243
     21 1244
     17 1245
     12 1246
     14 1247
     16 1248
     19 1249
     14 1250
     19 1251
     12 1252
     20 1253
     13 1254
     18 1255
     23 1256
     21 1257
     17 1258
     14 1259
     14 1260
     17 1261
     17 1262
     23 1263
     24 1264
     15 1265
      9 1266
     25 1267
     12 1268
     14 1269
     14 1270
     17 1271
     13 1272
     12 1273
     15 1274
     17 1275
     15 1276
     13 1277
     21 1278
     15 1279
     16 1280
     12 1281
     12 1282
     16 1283
     17 1284
     12 1285
     14 1286
     15 1287
      9 1288
     15 1289
     13 1290
     16 1291
     20 1292
     10 1293
      8 1294
     11 1295
     17 1296
     19 1297
     14 1298
     16 1299
     10 1300
     12 1301
     11 1302
     19 1303
      7 1304
     12 1305
     13 1306
     12 1307
     20 1308
     11 1309
     13 1310
      7 1311
     15 1312
     14 1313
     19 1314
     21 1315
     17 1316
     12 1317
     15 1318
     12 1319
     17 1320
     21 1321
     20 1322
     15 1323
     15 1324
     11 1325
      9 1326
     10 1327
     21 1328
     17 1329
     16 1330
     15 1331
     18 1332
     17 1333
     22 1334
     14 1335
     14 1336
     13 1337
      7 1338
     16 1339
     15 1340
     17 1341
     12 1342
     21 1343
     17 1344
     17 1345
     13 1346
     14 1347
     15 1348
     14 1349
      6 1350
     13 1351
      9 1352
     12 1353
     14 1354
     12 1355
     16 1356
     20 1357
     16 1358
     10 1359
     18 1360
      8 1361
     23 1362
     14 1363
     15 1364
     16 1365
     19 1366
     13 1367
      7 1368
      9 1369
      7 1370
     10 1371
     19 1372
     21 1373
     13 1374
      7 1375
     22 1376
     12 1377
     12 1378
     10 1379
     17 1380
     15 1381
     15 1382
     18 1383
     24 1384
      7 1385
     10 1386
     13 1387
      6 1388
      8 1389
     13 1390
     18 1391
     21 1392
     15 1393
     18 1394
     16 1395
     16 1396
      6 1397
     10 1398
     11 1399
     11 1400
      8 1401
      8 1402
     12 1403
     14 1404
     18 1405
     14 1406
     19 1407
     11 1408
     12 1409
     12 1410
     13 1411
     11 1412
     16 1413
      8 1414
     12 1415
     11 1416
     16 1417
      8 1418
     17 1419
     10 1420
     16 1421
     13 1422
     17 1423
     10 1424
     20 1425
     20 1426
     11 1427
      9 1428
     14 1429
     14 1430
     15 1431
     16 1432
     11 1433
     12 1434
     16 1435
     15 1436
      9 1437
     11 1438
     12 1439
     15 1440
      9 1441
     11 1442
      9 1443
     10 1444
     14 1445
     16 1446
     10 1447
     15 1448
     17 1449
     10 1450
     10 1451
      6 1452
      7 1453
      9 1454
     12 1455
     13 1456
     17 1457
     15 1458
     10 1459
      9 1460
      8 1461
     11 1462
      9 1463
      9 1464
     12 1465
     18 1466
     10 1467
     10 1468
     14 1469
     12 1470
     13 1471
     18 1472
      6 1473
     10 1474
      6 1475
     10 1476
     15 1477
     11 1478
     15 1479
     15 1480
      8 1481
     14 1482
     10 1483
     12 1484
     15 1485
     11 1486
     12 1487
      9 1488
     11 1489
      9 1490
     11 1491
      7 1492
      9 1493
     12 1494
     10 1495
     11 1496
     13 1497
     10 1498
     12 1499
     12 1500
     10 1501
     16 1502
     12 1503
     11 1504
      7 1505
      9 1506
      8 1507
      8 1508
      9 1509
     13 1510
     13 1511
      8 1512
      9 1513
     14 1514
     14 1515
     14 1516
     16 1517
     11 1518
     11 1519
      7 1520
     13 1521
      8 1522
     10 1523
     10 1524
     19 1525
     10 1526
     12 1527
     10 1528
     12 1529
     13 1530
      8 1531
      6 1532
     13 1533
      9 1534
      6 1535
     16 1536
      9 1537
      8 1538
      7 1539
      9 1540
      5 1541
     11 1542
     14 1543
      8 1544
      9 1545
     13 1546
     12 1547
     22 1548
      7 1549
     10 1550
      8 1551
     14 1552
      8 1553
     15 1554
      6 1555
     14 1556
     10 1557
      9 1558
      9 1559
     15 1560
      5 1561
     13 1562
     11 1563
      8 1564
      4 1565
     12 1566
     11 1567
     13 1568
      9 1569
      6 1570
      8 1571
      9 1572
     13 1573
     12 1574
     12 1575
     12 1576
      3 1577
      5 1578
     20 1579
     11 1580
     10 1581
      8 1582
     14 1583
     18 1584
     13 1585
      8 1586
     13 1587
     10 1588
      9 1589
     13 1590
     15 1591
      8 1592
      9 1593
      6 1594
      7 1595
      8 1596
      9 1597
      5 1598
     11 1599
     13 1600
      9 1601
      6 1602
      6 1603
     15 1604
      7 1605
     11 1606
      6 1607
      3 1608
      7 1609
      8 1610
      6 1611
     12 1612
      7 1613
      8 1614
      8 1615
      9 1616
     15 1617
      7 1618
      3 1619
      6 1620
      7 1621
      6 1622
     11 1623
      6 1624
     13 1625
      5 1626
      7 1627
     11 1628
      8 1629
      7 1630
      8 1631
      9 1632
      6 1633
     10 1634
      6 1635
     13 1636
     10 1637
      5 1638
     14 1639
     10 1640
      3 1641
      8 1642
      9 1643
      8 1644
     10 1645
      5 1646
      8 1647
      4 1648
      9 1649
      8 1650
      9 1651
     11 1652
      9 1653
      6 1654
     10 1655
      9 1656
      2 1657
      8 1658
      7 1659
     10 1660
      7 1661
      5 1662
      9 1663
      9 1664
      7 1665
      9 1666
      6 1667
      6 1668
      9 1669
      8 1670
     14 1671
      7 1672
      7 1673
      7 1674
     11 1675
      8 1676
      8 1677
      7 1678
     10 1679
      5 1680
      7 1681
      8 1682
      9 1683
      7 1684
      6 1685
      7 1686
      5 1687
      7 1688
      7 1689
      8 1690
      9 1691
     14 1692
     10 1693
     13 1694
      8 1695
      8 1696
      6 1697
     10 1698
      7 1699
      8 1700
      7 1701
      8 1702
      9 1703
      9 1704
      6 1705
      4 1706
      6 1707
      6 1708
      9 1709
     11 1710
      6 1711
     12 1712
      7 1713
      9 1714
      6 1715
      6 1716
     13 1717
      5 1718
      6 1719
     10 1720
     15 1721
      7 1722
      6 1723
     15 1724
     11 1725
      9 1726
      9 1727
      7 1728
      6 1729
     13 1730
      6 1731
      6 1732
      9 1733
     10 1734
      9 1735
      7 1736
      6 1737
      9 1738
      6 1739
     11 1740
      7 1741
      5 1742
      8 1743
      4 1744
      9 1745
     10 1746
      9 1747
      5 1748
      5 1749
      5 1750
      9 1751
      6 1752
     10 1753
     11 1754
      4 1755
     11 1756
      8 1757
     12 1758
      8 1759
     11 1760
      9 1761
     10 1762
     11 1763
      9 1764
      6 1765
      6 1766
      9 1767
     13 1768
      5 1769
      8 1770
      8 1771
      7 1772
     10 1773
     10 1774
      6 1775
      9 1776
      7 1777
      6 1778
      4 1779
      7 1780
     14 1781
      9 1782
      5 1783
      9 1784
     10 1785
      9 1786
     11 1787
      6 1788
      9 1789
      5 1790
     15 1791
      7 1792
     10 1793
      6 1794
     14 1795
      7 1796
      4 1797
      9 1798
      9 1799
     11 1800
      6 1801
      6 1802
     14 1803
      4 1804
      5 1805
      7 1806
      6 1807
      5 1808
      5 1809
      6 1810
      6 1811
      5 1812
      8 1813
     11 1814
      7 1815
      1 1816
      8 1817
     12 1818
     10 1819
      8 1820
     10 1821
      6 1822
      8 1823
     12 1824
      9 1825
     11 1826
      6 1827
      3 1828
     11 1829
      3 1830
      8 1831
      7 1832
      2 1833
      2 1834
      6 1835
     11 1836
      8 1837
      6 1838
      4 1839
      9 1840
      9 1841
      8 1842
      6 1843
      7 1844
      4 1845
      4 1846
      8 1847
      8 1848
      6 1849
      6 1850
      3 1851
      4 1852
      6 1853
      2 1854
      9 1855
      3 1856
      7 1857
     12 1858
      6 1859
      4 1860
      7 1861
      8 1862
      6 1863
      9 1864
     11 1865
      6 1866
      7 1867
      8 1868
      7 1869
      6 1870
      8 1871
      7 1872
      8 1873
      5 1874
      5 1875
      6 1876
      9 1877
     10 1878
      6 1879
      8 1880
      4 1881
      5 1882
      7 1883
      5 1884
      6 1885
      9 1886
      4 1887
      6 1888
      8 1889
      4 1890
      5 1891
      7 1892
      8 1893
      6 1894
      7 1895
      6 1896
      7 1897
      6 1898
      6 1899
      7 1900
      8 1901
      8 1902
      8 1903
      6 1904
      9 1905
      6 1906
     10 1907
      7 1908
      5 1909
      5 1910
      4 1911
      5 1912
     12 1913
      3 1914
      5 1915
      3 1916
      7 1917
      8 1918
      3 1919
      7 1920
      4 1921
      8 1922
      2 1923
      6 1924
     10 1925
      6 1926
      8 1927
      5 1928
      6 1929
      5 1930
      6 1931
      5 1932
      3 1933
      8 1934
      8 1935
      9 1936
      8 1937
      7 1938
      8 1939
      9 1940
      7 1941
     13 1942
      4 1943
      9 1944
      5 1945
      5 1946
      6 1947
      7 1948
      6 1949
      4 1950
      4 1951
      5 1952
      3 1953
      7 1954
      5 1955
      3 1956
      4 1957
      5 1958
      3 1959
      3 1960
      7 1961
      6 1962
      8 1963
      4 1964
      6 1965
      9 1966
      2 1967
      5 1968
      8 1969
      6 1970
      7 1971
      9 1972
      7 1973
      8 1974
      6 1975
      3 1976
      3 1977
      7 1978
      5 1979
      3 1980
      3 1981
      6 1982
      4 1983
      7 1984
      6 1985
      3 1986
      5 1987
      3 1988
      5 1989
      4 1990
      5 1991
      4 1992
      9 1993
      8 1994
      4 1995
      8 1996
      3 1997
      3 1998
     11 1999
      5 2000
      6 2001
      9 2002
     11 2003
      8 2004
      3 2005
      4 2006
     12 2007
      9 2008
      1 2009
      8 2010
      4 2011
     11 2012
      8 2013
      7 2014
      5 2015
      9 2016
      8 2017
      6 2018
      5 2019
      3 2020
      5 2021
     10 2022
      8 2023
      8 2024
      1 2025
      4 2026
      2 2027
      5 2028
      5 2029
      5 2030
      3 2031
      5 2032
      6 2033
      6 2034
      7 2035
     10 2036
      6 2037
      2 2038
      5 2039
     10 2040
      6 2041
      9 2042
      5 2043
      7 2044
      5 2045
      4 2046
      3 2047
      3 2048
      5 2049
      7 2050
      5 2051
      7 2052
      4 2053
      7 2054
      6 2055
      6 2056
      7 2057
      9 2058
      7 2059
      8 2060
      4 2061
      7 2062
      4 2063
      3 2064
      6 2065
      8 2066
      5 2067
      5 2068
      5 2069
      2 2070
      2 2071
     10 2072
      6 2073
      4 2074
      9 2075
      6 2076
      2 2077
      2 2078
      6 2079
      5 2080
      7 2081
      7 2082
      2 2083
      4 2084
      2 2085
      4 2086
      7 2087
      5 2088
      5 2089
      7 2090
      4 2091
      3 2092
      6 2093
      9 2094
      5 2095
      3 2096
      3 2097
      5 2098
     11 2099
      8 2100
      5 2101
      4 2102
      7 2103
      3 2104
      5 2105
     13 2106
      4 2107
      5 2108
      5 2109
      6 2110
      7 2111
      5 2112
     10 2113
      3 2114
      2 2115
      9 2116
      5 2117
      2 2118
      3 2119
      6 2120
      4 2121
      3 2122
      8 2123
      7 2124
      2 2125
      3 2126
      4 2127
      9 2128
      6 2129
      5 2130
      5 2131
      3 2132
      3 2133
      6 2134
      5 2135
      1 2136
      8 2137
      1 2138
      8 2139
      5 2140
      5 2141
      7 2142
      2 2143
      4 2144
      2 2145
      4 2146
      8 2147
      7 2148
      4 2149
      4 2150
      7 2151
      7 2152
      4 2153
      4 2154
      2 2155
      6 2156
      7 2157
      3 2158
      5 2159
      3 2160
      5 2161
      6 2162
      4 2163
      6 2164
      8 2165
      4 2166
      5 2167
      5 2168
      4 2169
      3 2170
      3 2171
      7 2172
      4 2173
      4 2174
      5 2175
      4 2176
      3 2177
      6 2178
      6 2179
      6 2180
     14 2181
      8 2182
      3 2183
      5 2184
      9 2185
      3 2186
      4 2187
      3 2188
      4 2189
      4 2190
      5 2191
     12 2192
      7 2193
     10 2194
      1 2195
      5 2196
      6 2197
      5 2198
      9 2199
      5 2200
      7 2201
      4 2202
      8 2203
      1 2204
      5 2205
      5 2206
      5 2207
      3 2208
      4 2209
      3 2210
      6 2211
      6 2212
      5 2213
      1 2214
      3 2215
      5 2216
      9 2217
      8 2219
      5 2220
      4 2221
      1 2222
      6 2223
      3 2224
      5 2225
      2 2226
      7 2227
      5 2228
      3 2229
      7 2230
      4 2231
      5 2232
      5 2233
      4 2234
      5 2235
      2 2236
      3 2237
      6 2238
      2 2239
      7 2240
      3 2241
      6 2242
      5 2243
      5 2244
      5 2245
      9 2246
      4 2247
      4 2248
      4 2249
      3 2250
      7 2251
      9 2252
      6 2253
      3 2254
      8 2255
      4 2256
     10 2257
      7 2258
      2 2259
      8 2260
      3 2261
      2 2262
      8 2263
      5 2264
      2 2265
      5 2266
      4 2267
      2 2268
      4 2269
      5 2270
      6 2271
      8 2272
      3 2273
      6 2274
      8 2275
      6 2276
      6 2277
      7 2278
      6 2279
      3 2280
      4 2281
      2 2283
      6 2284
      5 2285
      6 2286
      5 2287
      5 2288
      4 2289
      7 2290
      5 2291
      6 2292
      4 2293
      2 2294
      8 2295
      3 2296
      3 2297
      3 2298
      2 2299
      5 2300
      7 2301
      1 2302
      4 2303
      3 2304
      4 2305
      7 2306
      8 2307
      9 2308
      5 2309
      4 2310
      4 2311
      4 2312
      5 2313
      4 2314
      4 2315
      1 2316
      1 2317
      4 2318
      4 2319
      5 2320
      6 2321
      4 2322
      7 2323
      6 2324
      3 2325
      8 2326
      6 2327
      7 2328
      6 2329
      3 2330
      5 2331
      5 2332
      2 2333
      7 2334
      4 2335
      2 2336
      4 2337
      3 2338
      3 2339
      5 2340
      5 2341
      5 2342
      5 2343
      9 2344
      4 2345
      3 2346
      3 2347
      2 2348
      2 2349
      4 2350
      5 2351
      2 2352
      4 2353
      4 2354
      5 2355
     11 2356
      3 2357
      4 2358
      7 2359
      3 2360
      3 2361
      5 2362
      3 2363
      7 2364
      3 2365
      4 2366
      3 2367
      5 2368
      8 2369
      1 2370
      3 2371
      3 2372
      2 2373
      3 2374
      4 2375
      2 2376
      4 2377
      5 2378
      6 2379
      2 2380
      4 2381
      5 2382
      3 2383
      7 2384
      2 2385
      2 2386
      2 2388
      6 2389
      1 2390
      3 2391
      3 2392
      2 2393
      4 2394
      5 2395
      2 2396
      5 2397
      4 2398
      1 2399
      6 2400
      3 2401
      6 2402
      6 2403
      6 2404
      4 2405
      4 2406
      2 2407
      2 2408
      4 2409
      3 2410
      5 2411
      4 2412
      5 2413
      5 2414
      7 2415
      1 2416
      1 2418
     10 2419
      5 2420
      5 2421
      4 2422
      1 2423
      4 2424
      6 2425
      4 2426
      2 2427
      3 2428
      1 2429
      4 2430
      2 2431
      3 2432
      4 2433
      5 2434
      2 2435
      6 2436
      4 2437
      2 2438
      3 2439
      1 2440
      6 2441
      6 2442
      1 2443
      5 2444
      4 2445
      3 2446
      5 2447
      2 2448
      3 2449
      4 2450
      6 2451
      5 2452
      5 2453
      1 2454
      3 2455
      5 2456
      4 2457
      3 2458
      6 2459
      4 2460
      2 2461
      3 2462
      2 2463
      3 2464
      7 2465
      8 2466
      6 2467
      2 2468
      6 2470
      3 2471
      4 2472
      5 2473
      2 2474
      2 2475
      6 2476
      3 2477
      2 2478
      3 2479
      6 2480
      3 2481
      6 2482
      2 2483
      7 2484
      7 2485
      2 2486
      3 2487
      5 2488
      4 2489
      2 2490
      3 2491
      3 2492
      4 2493
      4 2494
      6 2495
      2 2496
      3 2497
      3 2498
      1 2499
      4 2500
      4 2501
      3 2502
      3 2503
      5 2504
      1 2505
      5 2506
      7 2507
      2 2508
      2 2509
      7 2510
      7 2511
      6 2512
      6 2513
      3 2514
      3 2515
      7 2516
      4 2517
      5 2518
      2 2519
      3 2520
      2 2522
      2 2523
      5 2525
      6 2526
      1 2527
      5 2528
      5 2529
      3 2530
      3 2531
      4 2532
      1 2533
      1 2534
      5 2535
      3 2536
      6 2537
      4 2538
      6 2540
      4 2541
      4 2542
      9 2543
      3 2544
      1 2545
      4 2546
      2 2547
      7 2548
      1 2549
      4 2550
      2 2551
      2 2552
      5 2553
      1 2554
      6 2555
      2 2556
      1 2557
      4 2558
      1 2559
      3 2560
      3 2561
      4 2562
      6 2563
      5 2564
      2 2565
      8 2566
      3 2567
      3 2568
      2 2569
      1 2570
      3 2571
      3 2572
      2 2573
      2 2574
      2 2575
      2 2576
      4 2577
      4 2578
      3 2579
      5 2580
      2 2581
      3 2582
      4 2583
      6 2584
      3 2585
      4 2586
      2 2587
      4 2588
      6 2589
      3 2590
      3 2591
      3 2592
      5 2593
      4 2594
      2 2595
      2 2596
      4 2597
      4 2598
      2 2599
      6 2600
      4 2601
      4 2602
      7 2603
      2 2604
      1 2605
      1 2606
      2 2607
      4 2608
      7 2609
      5 2610
      4 2611
      1 2612
      2 2613
      1 2614
      2 2615
      4 2616
      4 2617
      4 2618
      3 2619
      3 2620
      2 2621
      1 2622
      1 2623
      3 2624
      3 2625
      4 2626
      2 2627
      3 2628
      3 2629
      1 2630
      2 2631
      4 2632
      2 2633
      3 2634
      5 2635
      4 2636
      1 2637
      6 2638
      3 2639
      6 2640
      3 2641
      4 2642
      2 2643
      4 2644
      4 2645
      5 2646
      3 2647
      2 2648
     10 2649
      5 2650
      5 2651
      3 2652
      3 2653
      1 2654
      2 2655
      2 2656
      1 2657
      3 2658
      3 2659
      2 2660
      3 2661
      6 2662
      5 2663
      3 2664
      3 2665
      3 2666
      3 2667
      2 2668
      2 2669
      6 2670
      4 2671
      1 2672
      4 2673
      5 2674
      1 2675
      4 2676
      4 2677
      4 2678
      4 2679
      2 2680
      6 2681
      4 2682
      2 2683
      3 2684
      4 2685
      2 2686
      3 2687
      5 2688
      2 2689
      2 2690
      4 2692
      3 2693
      4 2694
      3 2695
      1 2696
      6 2697
      1 2698
      2 2699
      2 2700
      3 2701
      4 2702
      3 2703
      2 2704
      4 2705
      7 2706
      3 2707
      5 2708
      4 2709
      3 2710
      2 2711
      4 2712
      4 2713
      4 2714
      5 2715
      4 2716
      6 2717
      2 2718
      6 2719
      5 2720
      1 2721
      2 2722
      3 2723
      4 2724
      9 2725
      2 2726
      4 2727
     10 2728
      2 2729
      3 2730
      1 2731
      3 2732
      2 2733
      4 2734
      2 2735
      2 2736
      1 2737
      5 2738
      7 2739
      4 2740
      4 2741
      2 2742
      3 2743
      1 2744
      4 2745
      2 2746
      6 2748
      2 2749
      1 2750
      1 2751
      4 2752
      5 2753
      2 2754
      3 2755
      5 2756
      4 2757
      2 2758
      4 2759
      4 2760
      4 2761
      1 2762
      1 2763
      6 2764
      2 2765
      3 2766
      1 2767
      5 2768
      1 2769
      5 2770
      9 2771
      5 2772
      1 2773
      2 2775
      3 2776
      1 2777
      6 2778
      2 2779
      3 2780
      3 2781
      8 2782
      1 2783
      1 2784
      4 2785
      2 2786
      8 2787
      2 2788
      3 2789
      1 2790
      1 2791
      4 2792
      4 2793
      3 2794
      1 2795
      1 2796
      6 2797
      1 2798
      2 2799
      1 2800
      1 2801
      2 2802
      3 2803
      2 2804
      6 2805
      2 2806
      2 2807
      2 2808
      3 2809
      3 2810
      1 2811
      3 2812
      3 2813
      2 2814
      6 2815
      3 2816
      1 2818
      4 2819
      3 2820
      4 2822
      2 2823
      3 2824
      5 2825
      3 2826
      1 2827
      6 2828
      1 2829
      4 2830
      2 2831
      2 2832
      1 2833
      4 2834
      5 2835
      7 2836
      2 2837
      2 2838
      3 2839
      2 2840
      3 2841
      3 2842
      3 2843
      1 2844
      2 2845
      4 2846
      6 2847
      4 2848
      4 2849
      2 2850
      9 2851
      2 2852
      3 2853
      3 2854
      2 2855
      3 2856
      3 2857
      1 2858
      1 2859
      1 2860
      1 2861
      1 2862
      4 2864
      5 2865
      4 2866
      2 2867
      4 2868
      5 2869
      3 2870
      1 2871
      2 2872
      6 2873
      4 2874
      5 2875
      3 2876
      2 2877
      4 2878
      2 2879
      3 2880
      5 2881
      1 2882
      4 2883
      5 2884
      2 2885
      2 2886
      3 2887
      2 2888
      3 2889
      2 2890
      2 2891
      5 2892
      5 2893
      3 2894
      2 2895
      3 2896
      3 2897
      1 2898
      2 2899
      2 2900
      3 2901
      3 2902
      4 2903
      1 2904
      6 2905
      4 2906
      4 2907
      6 2908
      1 2909
      3 2910
      6 2911
      2 2912
      6 2913
      3 2914
      1 2915
      2 2916
      4 2917
      3 2918
      1 2919
      2 2921
      1 2922
      4 2923
      1 2924
      1 2925
      2 2926
      1 2927
      3 2928
      3 2929
      2 2930
      1 2931
      3 2932
      2 2933
      2 2934
      1 2935
      2 2936
      4 2937
      2 2938
      3 2939
      3 2940
      3 2942
      4 2944
      3 2945
      1 2946
      4 2947
      3 2948
      3 2949
      2 2950
      1 2951
      5 2952
      2 2953
      2 2954
      3 2955
      2 2956
      2 2957
      3 2958
      2 2959
      2 2960
      3 2961
      3 2962
      3 2963
      3 2964
      3 2965
      1 2966
      3 2967
      4 2968
      2 2969
      2 2970
      2 2971
      1 2972
      2 2973
      1 2974
      5 2975
      6 2976
      2 2977
      7 2978
      7 2979
      4 2980
      2 2981
      4 2983
      2 2984
      3 2985
      3 2986
      2 2987
      1 2988
      2 2989
      2 2990
      2 2991
      1 2992
      4 2993
      4 2994
      3 2995
      3 2996
      2 2997
      5 2998
      5 2999
      4 3000
      5 3001
      2 3002
      2 3003
      2 3004
      4 3005
      6 3006
      2 3007
      2 3009
      2 3010
      5 3012
      3 3013
      2 3014
      1 3015
      6 3016
      2 3017
      1 3018
      2 3019
      4 3020
      1 3021
      2 3022
      3 3024
      3 3025
      2 3026
      2 3027
      4 3028
      1 3029
      5 3030
      1 3031
      2 3032
      2 3033
      2 3034
      2 3035
      2 3036
      2 3037
      5 3038
      5 3039
      2 3040
      2 3041
      3 3042
      6 3043
      3 3044
      2 3045
      1 3046
      1 3047
      3 3048
      1 3049
      5 3050
      1 3052
      2 3053
      1 3054
      4 3055
      1 3056
      4 3058
      2 3059
      2 3060
      1 3062
      2 3063
      2 3064
      1 3065
      4 3066
      1 3068
      3 3069
      5 3070
      1 3071
      3 3072
      4 3073
      4 3074
      1 3076
      2 3077
      4 3079
      2 3080
      1 3081
      5 3083
      3 3084
      3 3085
      1 3086
      1 3087
      1 3088
      4 3089
      1 3090
      5 3091
      1 3092
      3 3094
      1 3095
      1 3096
      5 3097
      1 3098
      1 3099
      3 3100
      3 3102
      2 3103
      5 3104
      2 3105
      2 3106
      2 3107
      3 3108
      4 3109
      4 3110
      2 3111
      2 3112
      1 3113
      4 3114
      3 3115
      1 3116
      4 3117
      1 3118
      3 3119
      5 3120
      1 3121
      5 3122
      4 3123
      1 3124
      5 3125
      2 3126
      3 3127
      2 3128
      2 3129
      1 3130
      2 3131
      3 3132
      1 3133
      3 3134
      1 3135
      1 3136
      3 3137
      2 3138
      5 3139
      1 3140
      2 3141
      3 3142
      2 3143
      2 3144
      3 3145
      3 3146
      2 3147
      1 3148
      3 3149
      2 3150
      1 3152
      2 3153
      2 3154
      3 3155
      1 3156
      3 3157
      5 3158
      3 3159
      3 3160
      1 3161
      1 3162
      1 3163
      5 3164
      3 3165
      2 3166
      2 3167
      2 3168
      3 3169
      2 3170
      1 3171
      3 3172
      3 3173
      2 3174
      1 3175
      2 3176
      2 3177
      5 3178
      1 3179
      4 3180
      2 3181
      1 3183
      3 3185
      2 3186
      2 3187
      2 3188
      4 3189
      3 3190
      2 3191
      2 3192
      2 3193
      2 3194
      3 3196
      2 3197
      3 3198
      2 3200
      4 3201
      1 3202
      2 3203
      7 3204
      1 3205
      2 3206
      6 3207
      4 3209
      1 3210
      1 3211
      1 3212
      2 3214
      5 3216
      3 3217
      4 3218
      3 3220
      3 3221
      2 3222
      1 3223
      3 3224
      2 3226
      3 3227
      1 3228
      3 3229
      1 3230
      3 3232
      2 3234
      1 3235
      2 3236
      1 3237
      2 3238
      4 3239
      2 3240
      1 3241
      2 3242
      1 3243
      1 3244
      1 3245
      3 3246
      1 3247
      5 3248
      1 3249
      5 3250
      5 3252
      4 3253
      4 3254
      3 3256
      2 3257
      4 3258
      2 3259
      2 3260
      7 3261
      3 3262
      5 3263
      1 3265
      3 3266
      5 3267
      1 3269
      2 3270
      5 3271
      1 3272
      1 3273
      1 3274
      5 3275
      4 3277
      5 3278
      2 3279
      2 3280
      2 3281
      3 3282
      1 3283
      3 3284
      1 3285
      2 3286
      1 3287
      2 3288
      1 3289
      4 3290
      1 3291
      3 3292
      3 3293
      2 3294
      5 3295
      1 3296
      3 3297
      3 3298
      5 3299
      1 3300
      1 3301
      1 3303
      5 3304
      4 3305
      2 3306
      2 3308
      4 3309
      2 3310
      2 3311
      4 3313
      1 3314
      1 3317
      2 3318
      3 3319
      3 3320
      4 3321
      1 3322
      1 3323
      2 3324
      2 3325
      4 3326
      4 3327
      4 3328
      1 3329
      2 3330
      2 3331
      3 3332
      5 3333
      2 3334
      7 3335
      2 3337
      2 3339
      3 3340
      4 3342
      3 3343
      3 3344
      3 3345
      1 3346
      4 3347
      1 3348
      2 3349
      3 3350
      3 3351
      2 3352
      2 3353
      3 3354
      1 3355
      2 3357
      1 3358
      1 3359
      1 3360
      2 3361
      3 3362
      1 3363
      4 3364
      2 3366
      3 3367
      1 3370
      2 3371
      1 3372
      3 3373
      3 3374
      1 3375
      1 3376
      3 3377
      1 3379
      3 3381
      3 3383
      2 3384
      2 3385
      1 3386
      1 3387
      2 3389
      1 3390
      2 3392
      1 3393
      5 3394
      1 3395
      1 3396
      1 3397
      1 3398
      5 3399
      1 3401
      3 3402
      1 3404
      6 3405
      2 3406
      3 3407
      2 3408
      1 3409
      2 3410
      4 3411
      3 3412
      1 3414
      3 3415
      1 3417
      2 3418
      1 3419
      3 3420
      3 3421
      1 3422
      4 3423
      5 3424
      1 3425
      3 3426
      6 3427
      4 3428
      6 3429
      2 3430
      2 3431
      1 3432
      2 3433
      2 3434
      4 3435
      2 3436
      2 3438
      1 3439
      2 3440
      2 3441
      1 3442
      2 3443
      2 3444
      2 3445
      5 3447
      3 3449
      2 3450
      3 3451
      3 3452
      3 3453
      2 3454
      2 3455
      4 3456
      2 3458
      1 3460
      3 3461
      1 3462
      1 3463
      2 3464
      5 3465
      1 3468
      3 3469
      1 3470
      2 3471
      6 3472
      1 3473
      3 3474
      4 3475
      1 3476
      2 3477
      1 3478
      2 3479
      2 3480
      5 3481
      2 3482
      1 3483
      1 3484
      1 3486
      1 3488
      1 3489
      3 3490
      2 3491
      1 3492
      2 3493
      2 3495
      1 3496
      2 3497
      2 3498
      1 3501
      1 3502
      1 3504
      4 3505
      2 3506
      4 3507
      3 3508
      2 3509
      1 3510
      2 3512
      2 3513
      3 3514
      1 3515
      1 3517
      2 3518
      2 3519
      2 3521
      3 3522
      2 3523
      2 3524
      3 3525
      5 3526
      4 3527
      3 3528
      3 3529
      2 3530
      1 3531
      2 3534
      4 3535
      3 3537
      2 3538
      2 3539
      3 3540
      4 3542
      1 3543
      3 3544
      4 3545
      3 3546
      3 3547
      1 3549
      1 3550
      2 3551
      1 3552
      3 3553
      2 3554
      2 3557
      4 3559
      1 3560
      3 3561
      1 3563
      3 3564
      1 3565
      2 3566
      5 3567
      2 3568
      3 3570
      2 3571
      1 3572
      4 3574
      3 3575
      1 3576
      2 3577
      1 3578
      5 3579
      1 3581
      2 3583
      1 3584
      2 3585
      3 3586
      1 3587
      3 3588
      2 3589
      2 3591
      5 3592
      1 3593
      2 3594
      2 3596
      1 3597
      3 3598
      3 3599
      3 3600
      2 3601
      2 3603
      1 3604
      1 3605
      2 3606
      1 3607
      1 3608
      4 3609
      2 3611
      1 3612
      1 3613
      2 3614
      5 3616
      1 3617
      4 3618
      3 3619
      1 3620
      1 3621
      3 3622
      3 3623
      4 3624
      1 3625
      1 3626
      1 3629
      3 3630
      4 3632
      3 3633
      3 3636
      1 3637
      4 3638
      1 3640
      2 3642
      2 3643
      2 3644
      4 3645
      2 3646
      4 3647
      3 3648
      5 3649
      2 3650
      2 3651
      3 3652
      1 3653
      3 3654
      2 3655
      2 3656
      1 3657
      2 3658
      1 3659
      3 3660
      1 3661
      2 3662
      2 3663
      3 3664
      4 3665
      4 3668
      1 3669
      2 3670
      2 3671
      4 3672
      3 3673
      2 3674
      2 3675
      2 3677
      1 3679
      2 3680
      2 3681
      2 3682
      2 3683
      3 3684
      3 3685
      1 3686
      1 3688
      1 3690
      1 3691
      2 3692
      2 3693
      3 3694
      2 3695
      2 3696
      2 3697
      1 3698
      3 3699
      1 3700
      3 3701
      2 3702
      3 3703
      4 3705
      1 3707
      1 3709
      1 3710
      3 3711
      3 3712
      4 3714
      1 3715
      3 3716
      3 3717
      2 3718
      4 3719
      2 3720
      3 3721
      2 3722
      1 3723
      1 3725
      1 3726
      2 3727
      4 3728
      3 3729
      1 3730
      3 3731
      3 3732
      2 3733
      1 3734
      1 3735
      2 3737
      1 3738
      1 3739
      1 3740
      2 3741
      2 3742
      2 3743
      2 3744
      2 3745
      3 3746
      1 3748
      1 3750
      1 3751
      1 3752
      1 3753
      1 3754
      2 3755
      1 3756
      1 3757
      1 3758
      1 3759
      7 3763
      1 3765
      1 3766
      7 3767
      2 3770
      1 3771
      2 3772
      2 3773
      2 3774
      1 3775
      3 3776
      2 3778
      2 3779
      2 3780
      2 3781
      1 3782
      1 3783
      1 3784
      3 3786
      3 3787
      2 3788
      3 3791
      1 3792
      1 3793
      1 3795
      3 3796
      1 3797
      1 3798
      1 3799
      3 3801
      1 3803
      1 3805
      1 3806
      4 3807
      2 3808
      3 3809
      1 3811
      1 3812
      1 3813
      1 3814
      1 3815
      2 3817
      1 3818
      2 3819
      2 3820
      1 3821
      1 3822
      1 3825
      1 3826
      1 3827
      1 3828
      2 3829
      2 3830
      2 3833
      1 3834
      1 3835
      1 3836
      1 3838
      1 3839
      3 3840
      1 3841
      7 3843
      2 3844
      1 3845
      1 3846
      1 3847
      2 3848
      1 3849
      1 3850
      2 3851
      3 3852
      2 3854
      1 3855
      4 3856
      2 3857
      2 3858
      2 3860
      1 3861
      1 3862
      2 3864
      1 3865
      4 3866
      3 3868
      3 3869
      2 3870
      1 3871
      1 3873
      2 3874
      1 3875
      1 3876
      3 3877
      1 3879
      1 3880
      2 3882
      1 3883
      1 3885
      1 3886
      1 3888
      2 3889
      1 3890
      4 3891
      3 3892
      1 3893
      1 3897
      4 3898
      1 3899
      5 3900
      3 3901
      3 3904
      1 3905
      2 3906
      1 3907
      3 3908
      2 3909
      2 3912
      3 3913
      1 3914
      3 3915
      4 3917
      2 3918
      3 3919
      2 3921
      2 3922
      3 3923
      2 3925
      2 3926
      3 3927
      1 3929
      2 3930
      2 3933
      3 3934
      1 3935
      2 3936
      1 3937
      2 3938
      2 3939
      2 3940
      3 3941
      1 3942
      2 3943
      1 3944
      3 3945
      2 3946
      2 3947
      2 3948
      1 3949
      3 3950
      3 3951
      2 3952
      1 3954
      2 3955
      2 3956
      1 3958
      2 3959
      1 3960
      1 3961
      1 3963
      3 3964
      3 3966
      1 3968
      3 3969
      2 3970
      1 3972
      2 3973
      2 3975
      2 3980
      1 3981
      1 3984
      3 3985
      2 3986
      2 3987
      1 3989
      1 3990
      1 3992
      1 3993
      3 3994
      1 3996
      3 3997
      3 4000
      2 4002
      2 4003
      2 4004
      1 4008
      2 4009
      2 4010
      1 4012
      1 4014
      1 4015
      2 4016
      2 4017
      2 4019
      1 4020
      2 4022
      5 4024
      2 4025
      2 4027
      1 4028
      5 4030
      4 4031
      4 4032
      3 4033
      2 4034
      1 4035
      1 4036
      3 4037
      1 4040
      3 4041
      3 4043
      1 4044
      3 4045
      3 4046
      1 4047
      2 4048
      4 4049
      2 4050
      1 4051
      1 4053
      2 4054
      1 4055
      1 4057
      1 4058
      3 4059
      1 4060
      1 4061
      1 4062
      5 4063
      3 4064
      3 4066
      1 4067
      1 4068
      1 4070
      1 4071
      2 4072
      1 4073
      1 4074
      3 4075
      1 4076
      2 4080
      1 4081
      3 4082
      2 4083
      3 4084
      1 4085
      2 4086
      4 4088
      1 4089
      2 4091
      2 4092
      1 4096
      1 4097
      5 4098
      3 4099
      2 4100
      1 4101
      2 4102
      2 4103
      3 4105
      1 4107
      2 4108
      3 4109
      2 4112
      2 4114
      2 4115
      4 4116
      2 4117
      2 4118
      1 4120
      1 4121
      2 4122
      2 4123
      1 4124
      2 4125
      2 4127
      1 4129
      2 4130
      2 4131
      4 4132
      5 4133
      3 4134
      3 4135
      3 4136
      1 4137
      2 4139
      1 4140
      1 4141
      2 4142
      2 4143
      3 4144
      1 4145
      1 4146
      3 4147
      1 4148
      2 4149
      2 4151
      1 4154
      2 4156
      3 4158
      1 4159
      2 4160
      1 4161
      2 4162
      1 4165
      4 4167
      1 4168
      1 4169
      1 4170
      4 4171
      2 4172
      2 4174
      1 4175
      1 4176
      2 4177
      4 4178
      1 4179
      1 4181
      2 4182
      2 4183
      4 4185
      2 4186
      1 4187
      1 4188
      1 4189
      5 4190
      2 4192
      1 4193
      3 4196
      2 4197
      1 4198
      3 4199
      1 4201
      3 4203
      3 4204
      1 4206
      3 4207
      1 4208
      2 4209
      2 4210
      2 4211
      1 4212
      3 4213
      1 4214
      1 4220
      2 4222
      2 4225
      1 4226
      3 4230
      2 4232
      4 4233
      4 4234
      1 4236
      5 4237
      2 4238
      2 4240
      2 4241
      2 4243
      1 4245
      1 4246
      1 4248
      2 4251
      2 4252
      2 4254
      2 4255
      2 4256
      1 4257
      3 4258
      1 4259
      2 4260
      1 4263
      2 4264
      2 4265
      1 4267
      1 4268
      1 4269
      1 4271
      2 4272
      3 4273
      2 4274
      1 4275
      1 4276
      3 4277
      1 4278
      3 4279
      2 4280
      4 4282
      1 4285
      2 4287
      1 4290
      4 4291
      2 4292
      3 4293
      2 4294
      1 4296
      3 4297
      1 4299
      2 4300
      2 4301
      3 4302
      4 4305
      2 4306
      2 4307
      1 4309
      1 4310
      1 4311
      1 4313
      2 4314
      3 4315
      1 4318
      1 4319
      2 4320
      2 4321
      1 4324
      4 4325
      4 4326
      3 4330
      2 4331
      2 4332
      1 4334
      1 4335
      1 4336
      2 4338
      2 4340
      2 4341
      2 4342
      1 4343
      2 4344
      1 4345
      1 4346
      4 4347
      1 4348
      3 4349
      1 4351
      1 4352
      1 4354
      1 4355
      4 4356
      1 4362
      2 4363
      1 4367
      2 4370
      2 4371
      1 4372
      2 4373
      3 4374
      1 4375
      1 4376
      1 4377
      1 4378
      1 4379
      1 4380
      1 4381
      1 4382
      1 4383
      1 4384
      1 4385
      1 4387
      2 4388
      3 4390
      2 4391
      3 4394
      2 4395
      3 4396
      5 4397
      1 4398
      3 4399
      5 4400
      1 4401
      1 4403
      2 4404
      1 4405
      2 4407
      2 4410
      1 4411
      1 4412
      1 4413
      1 4414
      2 4416
      1 4417
      1 4418
      4 4419
      3 4420
      1 4421
      3 4422
      1 4424
      2 4425
      1 4426
      1 4428
      3 4429
      2 4431
      2 4433
      1 4434
      2 4435
      1 4436
      1 4438
      1 4440
      1 4441
      1 4443
      3 4444
      4 4446
      1 4447
      3 4448
      1 4449
      5 4450
      1 4451
      2 4453
      2 4454
      1 4457
      2 4460
      2 4461
      2 4462
      1 4463
      2 4464
      1 4465
      1 4466
      2 4467
      1 4468
      1 4469
      1 4470
      1 4471
      3 4472
      3 4473
      2 4474
      3 4475
      1 4477
      1 4478
      1 4481
      1 4482
      1 4485
      3 4487
      1 4489
      3 4490
      1 4491
      3 4492
      2 4493
      3 4494
      2 4495
      2 4496
      3 4499
      1 4500
      1 4501
      2 4502
      3 4504
      1 4506
      1 4507
      1 4508
      3 4512
      1 4513
      1 4514
      1 4515
      3 4516
      1 4519
      1 4521
      1 4522
      1 4523
      1 4524
      3 4525
      1 4526
      1 4527
      1 4528
      2 4529
      1 4530
      1 4531
      1 4532
      2 4533
      2 4534
      1 4537
      3 4538
      3 4539
      1 4541
      1 4544
      3 4545
      1 4546
      3 4547
      1 4548
      3 4550
      2 4551
      1 4554
      1 4555
      2 4558
      1 4560
      1 4561
      2 4562
      1 4565
      1 4566
      1 4567
      2 4568
      3 4569
      1 4572
      1 4573
      1 4574
      2 4576
      2 4577
      2 4579
      2 4582
      4 4584
      1 4588
      2 4589
      1 4590
      2 4591
      1 4592
      2 4593
      2 4594
      3 4597
      1 4600
      2 4601
      1 4602
      1 4604
      2 4605
      3 4606
      2 4608
      2 4609
      2 4610
      2 4612
      1 4613
      1 4616
      1 4618
      1 4619
      2 4621
      1 4622
      3 4623
      1 4624
      1 4625
      1 4627
      1 4628
      1 4629
      1 4630
      1 4631
      2 4632
      3 4633
      2 4635
      1 4638
      2 4639
      1 4640
      2 4641
      3 4643
      1 4644
      1 4645
      2 4646
      1 4647
      1 4648
      1 4649
      3 4650
      4 4651
      2 4653
      1 4654
      1 4656
      1 4657
      1 4658
      1 4659
      2 4662
      3 4663
      1 4665
      1 4666
      2 4667
      1 4668
      2 4669
      1 4670
      2 4671
      1 4672
      5 4673
      5 4675
      2 4676
      2 4677
      3 4678
      1 4679
      1 4680
      2 4682
      2 4683
      2 4685
      1 4686
      2 4687
      1 4689
      2 4690
      1 4691
      2 4694
      3 4696
      2 4697
      2 4698
      2 4699
      1 4700
      1 4701
      2 4702
      3 4703
      1 4704
      3 4706
      2 4708
      2 4710
      1 4711
      2 4712
      1 4714
      2 4716
      1 4718
      1 4719
      1 4722
      1 4723
      1 4727
      2 4728
      1 4729
      1 4731
      2 4732
      2 4733
      1 4734
      2 4737
      2 4738
      4 4739
      2 4740
      5 4742
      1 4744
      2 4745
      1 4746
      1 4747
      1 4748
      1 4749
      1 4750
      3 4751
      1 4752
      1 4753
      1 4754
      1 4755
      3 4756
      3 4757
      1 4758
      2 4759
      6 4760
      1 4764
      1 4765
      1 4766
      2 4768
      1 4770
      4 4771
      4 4772
      2 4774
      1 4776
      1 4777
      2 4782
      2 4783
      4 4785
      2 4786
      1 4788
      1 4791
      3 4792
      2 4793
      2 4794
      2 4795
      2 4796
      2 4797
      1 4798
      1 4799
      2 4800
      1 4803
      1 4805
      1 4806
      1 4807
      1 4809
      2 4810
      1 4812
      1 4813
      1 4815
      2 4816
      1 4818
      1 4819
      2 4821
      2 4822
      2 4823
      1 4825
      1 4826
      2 4829
      1 4830
      3 4832
      1 4834
      1 4838
      1 4839
      1 4840
      1 4841
      2 4842
      1 4843
      1 4845
      1 4846
      1 4848
      1 4851
      1 4852
      2 4853
      3 4854
      1 4855
      1 4857
      1 4858
      1 4860
      3 4863
      1 4864
      1 4866
      3 4867
      2 4869
      1 4870
      1 4871
      1 4872
      1 4873
      3 4875
      1 4876
      2 4878
      1 4879
      2 4881
      1 4882
      2 4883
      2 4885
      3 4886
      1 4887
      1 4889
      2 4890
      2 4893
      2 4894
      1 4895
      2 4897
      1 4898
      1 4899
      1 4900
      2 4901
      1 4903
      1 4906
      1 4907
      3 4909
      3 4911
      2 4912
      2 4913
      1 4914
      1 4915
      2 4916
      1 4917
      1 4918
      1 4920
      2 4922
      2 4923
      1 4924
      2 4925
      2 4926
      3 4928
      3 4929
      2 4930
      2 4931
      3 4932
      2 4933
      4 4934
      2 4936
      1 4937
      2 4938
      1 4939
      1 4940
      1 4941
      2 4943
      2 4945
      1 4946
      1 4947
      5 4948
      4 4951
      1 4955
      2 4956
      1 4959
      1 4960
      1 4961
      1 4962
      3 4963
      3 4964
      1 4965
      2 4966
      1 4967
      1 4969
      2 4970
      1 4972
      2 4973
      1 4975
      1 4977
      1 4978
      1 4980
      3 4981
      2 4982
      1 4984
      2 4985
      1 4986
      2 4989
      1 4994
      1 4996
      2 4997
      1 4998
      2 4999
      3 5000
      1 5001
      3 5002
      2 5003
      1 5005
      2 5006
      1 5007
      1 5008
      1 5010
      2 5011
      2 5012
      1 5013
      2 5014
      1 5015
      2 5017
      1 5018
      1 5022
      2 5024
      1 5025
      1 5026
      1 5027
      1 5029
      2 5031
      1 5034
      1 5036
      1 5038
      2 5042
      1 5043
      1 5045
      3 5047
      4 5048
      1 5051
      1 5053
      5 5054
      1 5057
      3 5058
      3 5059
      2 5062
      1 5064
      1 5068
      1 5069
      1 5070
      3 5071
      2 5072
      1 5074
      2 5075
      3 5076
      1 5078
      2 5079
      2 5080
      2 5081
      1 5082
      2 5084
      1 5086
      1 5089
      1 5090
      2 5091
      2 5093
      1 5096
      2 5097
      2 5098
      2 5099
      1 5100
      2 5101
      3 5102
      1 5103
      1 5104
      1 5106
      3 5107
      2 5108
      1 5109
      1 5110
      2 5112
      1 5113
      1 5115
      1 5116
      1 5119
      2 5121
      1 5125
      1 5126
      2 5128
      1 5129
      1 5131
      2 5132
      1 5134
      1 5136
      1 5138
      1 5139
      2 5140
      1 5141
      1 5143
      1 5145
      1 5146
      1 5148
      1 5149
      1 5151
      1 5152
      1 5153
      2 5155
      1 5158
      1 5160
      2 5161
      2 5162
      1 5164
      2 5166
      1 5167
      2 5169
      1 5172
      1 5173
      1 5175
      2 5178
      1 5183
      1 5184
      3 5185
      1 5188
      2 5189
      2 5190
      1 5192
      1 5193
      1 5194
      2 5195
      1 5196
      2 5197
      2 5198
      1 5199
      1 5201
      1 5203
      2 5204
      3 5205
      1 5206
      1 5207
      3 5208
      2 5211
      1 5212
      1 5214
      3 5218
      1 5219
      2 5220
      1 5221
      2 5222
      1 5223
      3 5224
      2 5225
      4 5227
      2 5228
      1 5230
      4 5233
      1 5234
      2 5236
      1 5238
      1 5241
      2 5243
      1 5244
      1 5245
      3 5246
      3 5248
      1 5252
      1 5254
      1 5255
      3 5256
      1 5257
      2 5259
      1 5261
      1 5262
      1 5263
      2 5264
      1 5271
      1 5272
      1 5273
      3 5275
      1 5278
      1 5279
      1 5282
      1 5284
      1 5286
      1 5288
      1 5289
      1 5290
      2 5292
      2 5293
      2 5296
      1 5297
      1 5298
      2 5299
      1 5301
      1 5303
      1 5304
      1 5305
      2 5306
      3 5307
      1 5309
      1 5310
      2 5313
      1 5314
      1 5317
      1 5319
      1 5322
      1 5323
      1 5324
      2 5325
      1 5326
      1 5330
      1 5331
      1 5335
      2 5336
      1 5337
      1 5342
      2 5344
      1 5346
      1 5348
      1 5349
      1 5350
      2 5351
      3 5352
      1 5353
      1 5354
      1 5356
      3 5357
      2 5359
      1 5360
      1 5361
      1 5363
      2 5365
      2 5367
      1 5371
      2 5373
      2 5374
      2 5377
      1 5378
      1 5379
      1 5382
      1 5383
      2 5386
      1 5389
      2 5390
      1 5394
      1 5397
      2 5400
      1 5404
      1 5405
      1 5406
      2 5407
      1 5408
      1 5409
      1 5410
      1 5412
      1 5414
      2 5417
      2 5420
      1 5421
      1 5422
      1 5425
      1 5427
      1 5428
      1 5429
      3 5431
      1 5433
      1 5434
      1 5435
      1 5437
      1 5440
      1 5441
      1 5442
      1 5443
      1 5444
      4 5445
      1 5448
      3 5450
      1 5451
      1 5453
      1 5455
      1 5456
      1 5457
      1 5458
      3 5461
      3 5462
      1 5463
      1 5464
      1 5465
      1 5466
      2 5467
      2 5470
      1 5474
      1 5477
      1 5480
      3 5482
      2 5487
      1 5488
      1 5489
      1 5498
      3 5499
      1 5500
      1 5502
      1 5505
      1 5507
      1 5509
      1 5510
      1 5512
      1 5514
      2 5515
      2 5518
      3 5520
      3 5521
      2 5522
      1 5523
      3 5524
      1 5525
      2 5526
      1 5531
      1 5532
      2 5533
      1 5534
      1 5535
      1 5537
      1 5541
      2 5542
      1 5544
      1 5545
      3 5546
      1 5547
      1 5551
      1 5552
      1 5554
      1 5555
      1 5556
      1 5559
      1 5560
      1 5565
      1 5570
      2 5571
      1 5573
      1 5575
      1 5577
      1 5578
      2 5579
      1 5581
      1 5582
      1 5583
      1 5586
      1 5587
      1 5588
      1 5591
      3 5592
      1 5593
      1 5594
      1 5595
      1 5596
      3 5597
      2 5600
      2 5601
      2 5603
      1 5605
      1 5606
      1 5607
      2 5608
      2 5610
      2 5612
      1 5613
      3 5614
      1 5616
      1 5618
      1 5623
      1 5624
      1 5625
      1 5627
      1 5628
      1 5629
      3 5630
      2 5631
      2 5632
      2 5633
      1 5638
      1 5639
      1 5640
      2 5643
      3 5644
      2 5645
      1 5647
      1 5649
      1 5653
      1 5657
      1 5658
      1 5661
      1 5662
      3 5663
      2 5664
      1 5665
      2 5666
      1 5671
      3 5672
      1 5673
      1 5674
      1 5675
      1 5677
      1 5678
      1 5679
      1 5680
      1 5683
      2 5686
      1 5687
      1 5688
      1 5689
      2 5690
      1 5691
      1 5692
      1 5693
      2 5694
      2 5696
      1 5697
      3 5698
      1 5700
      2 5702
      1 5703
      1 5705
      1 5706
      1 5708
      2 5709
      1 5710
      1 5713
      1 5715
      1 5716
      1 5717
      1 5718
      1 5719
      1 5720
      3 5721
      1 5722
      1 5723
      2 5724
      1 5726
      3 5727
      1 5728
      1 5731
      3 5732
      4 5733
      1 5738
      2 5739
      1 5743
      1 5744
      1 5745
      1 5748
      2 5749
      1 5750
      1 5752
      2 5753
      1 5756
      2 5758
      1 5760
      4 5761
      1 5764
      2 5765
      1 5766
      2 5767
      1 5768
      1 5770
      2 5771
      1 5772
      1 5773
      1 5775
      2 5780
      1 5782
      1 5783
      1 5789
      1 5791
      1 5792
      1 5793
      1 5794
      2 5795
      1 5796
      2 5797
      1 5798
      1 5799
      1 5800
      1 5802
      1 5804
      1 5805
      2 5809
      1 5812
      1 5813
      1 5814
      1 5815
      1 5817
      2 5819
      3 5821
      1 5822
      2 5824
      1 5825
      2 5826
      1 5829
      1 5830
      1 5831
      1 5832
      1 5834
      1 5838
      1 5840
      2 5844
      2 5845
      2 5849
      1 5850
      1 5853
      3 5855
      1 5856
      1 5857
      1 5860
      1 5861
      1 5863
      1 5866
      1 5868
      1 5869
      1 5870
      2 5871
      1 5872
      1 5880
      1 5881
      1 5883
      1 5885
      1 5886
      1 5887
      1 5889
      1 5891
      2 5893
      1 5895
      1 5896
      2 5897
      1 5902
      1 5904
      1 5905
      2 5907
      2 5908
      1 5910
      1 5911
      2 5914
      1 5915
      1 5916
      2 5918
      2 5919
      1 5920
      2 5921
      2 5922
      1 5923
      2 5925
      1 5928
      3 5929
      1 5930
      1 5932
      1 5934
      2 5936
      1 5939
      2 5941
      1 5943
      1 5949
      2 5953
      1 5958
      2 5960
      1 5962
      2 5964
      1 5965
      1 5967
      1 5968
      1 5969
      1 5971
      2 5972
      1 5973
      1 5975
      1 5976
      1 5977
      2 5979
      1 5980
      2 5981
      1 5982
      1 5983
      1 5986
      2 5987
      3 5990
      1 5991
      2 5992
      2 5997
      2 5999
      1 6001
      1 6002
      3 6005
      1 6006
      1 6008
      1 6009
      1 6010
      2 6013
      2 6015
      1 6019
      1 6022
      1 6023
      1 6026
      1 6029
      2 6030
      1 6031
      2 6036
      1 6038
      1 6039
      1 6041
      3 6043
      1 6044
      1 6046
      1 6048
      1 6049
      1 6053
      1 6056
      1 6059
      1 6060
      1 6061
      1 6064
      1 6066
      2 6070
      2 6071
      1 6072
      1 6074
      1 6077
      1 6078
      2 6080
      2 6081
      2 6082
      1 6084
      1 6086
      2 6087
      2 6090
      1 6091
      1 6092
      3 6093
      1 6094
      1 6099
      2 6100
      1 6101
      1 6102
      1 6106
      1 6108
      1 6109
      1 6111
      1 6112
      1 6114
      1 6115
      2 6116
      2 6117
      2 6118
      2 6119
      2 6122
      2 6124
      2 6125
      1 6126
      4 6128
      3 6129
      2 6132
      1 6135
      1 6136
      2 6137
      2 6139
      1 6141
      2 6143
      1 6145
      1 6147
      1 6154
      1 6156
      1 6159
      1 6160
      1 6164
      2 6166
      1 6167
      1 6168
      1 6170
      2 6173
      1 6174
      1 6175
      1 6177
      3 6178
      1 6181
      1 6182
      1 6183
      3 6184
      2 6185
      1 6187
      1 6189
      1 6190
      1 6197
      2 6199
      2 6200
      1 6201
      2 6202
      1 6204
      1 6206
      4 6208
      1 6210
      1 6212
      1 6213
      1 6215
      2 6219
      4 6222
      1 6224
      2 6226
      2 6227
      1 6230
      1 6232
      2 6234
      2 6237
      3 6242
      2 6244
      1 6247
      1 6248
      1 6249
      1 6250
      1 6251
      1 6252
      1 6253
      2 6256
      1 6257
      1 6258
      1 6261
      1 6262
      1 6263
      1 6264
      1 6265
      1 6266
      3 6267
      1 6270
      2 6272
      1 6274
      1 6275
      1 6276
      1 6277
      1 6278
      1 6280
      1 6282
      1 6284
      1 6285
      1 6286
      2 6287
      1 6288
      1 6289
      1 6291
      1 6292
      1 6293
      1 6294
      1 6298
      2 6299
      2 6300
      1 6305
      1 6308
      1 6309
      1 6310
      1 6311
      6 6312
      3 6314
      1 6315
      1 6317
      1 6322
      1 6323
      1 6324
      1 6327
      1 6328
      1 6330
      1 6332
      3 6333
      1 6335
      1 6337
      2 6338
      1 6345
      1 6350
      1 6352
      1 6353
      2 6355
      2 6357
      1 6359
      1 6361
      1 6362
      2 6364
      2 6365
      1 6366
      1 6372
      1 6373
      4 6375
      1 6376
      1 6379
      2 6381
      1 6383
      2 6384
      1 6385
      1 6386
      1 6387
      1 6389
      1 6391
      1 6392
      1 6395
      1 6396
      1 6399
      1 6401
      2 6403
      1 6408
      1 6409
      1 6410
      1 6412
      1 6413
      1 6415
      1 6416
      1 6422
      2 6427
      3 6430
      3 6431
      2 6432
      3 6437
      2 6438
      1 6439
      1 6440
      1 6442
      2 6444
      1 6445
      1 6446
      2 6447
      1 6452
      2 6453
      2 6455
      1 6456
      1 6458
      3 6459
      1 6461
      1 6463
      2 6466
      1 6467
      1 6472
      1 6474
      1 6475
      2 6477
      2 6479
      2 6480
      1 6483
      1 6484
      2 6485
      1 6487
      1 6489
      1 6490
      2 6492
      1 6494
      2 6495
      1 6497
      2 6503
      1 6505
      1 6506
      1 6507
      2 6508
      1 6510
      1 6513
      1 6515
      1 6516
      1 6517
      2 6520
      1 6521
      1 6526
      1 6529
      1 6532
      1 6533
      1 6534
      2 6535
      3 6536
      3 6538
      1 6539
      2 6540
      2 6542
      1 6543
      1 6544
      1 6546
      1 6547
      1 6548
      1 6551
      1 6552
      2 6553
      1 6558
      3 6564
      1 6565
      1 6566
      1 6568
      1 6569
      1 6570
      2 6572
      1 6574
      1 6575
      1 6579
      2 6580
      1 6583
      3 6584
      1 6590
      1 6593
      2 6596
      1 6599
      2 6601
      2 6604
      1 6608
      1 6610
      1 6612
      2 6613
      1 6615
      1 6616
      1 6617
      1 6618
      1 6619
      2 6620
      1 6621
      1 6622
      1 6624
      1 6625
      1 6627
      3 6628
      1 6630
      1 6632
      2 6633
      1 6635
      4 6637
      1 6638
      2 6639
      1 6640
      2 6642
      1 6643
      1 6644
      1 6645
      4 6648
      1 6649
      3 6653
      3 6654
      1 6655
      1 6660
      1 6663
      1 6664
      1 6665
      1 6669
      2 6670
      3 6671
      1 6672
      1 6673
      1 6676
      3 6680
      1 6682
      1 6693
      1 6694
      2 6695
      1 6696
      2 6697
      3 6699
      1 6701
      2 6703
      2 6704
      3 6707
      1 6708
      3 6710
      2 6715
      2 6716
      1 6718
      2 6720
      1 6724
      1 6726
      2 6728
      1 6729
      1 6732
      1 6733
      1 6734
      1 6739
      3 6740
      2 6743
      3 6744
      1 6748
      1 6749
      1 6750
      1 6753
      1 6755
      1 6758
      1 6760
      1 6761
      1 6762
      3 6763
      1 6764
      2 6766
      1 6767
      1 6768
      2 6769
      3 6771
      1 6773
      1 6776
      1 6778
      3 6779
      1 6780
      3 6781
      1 6783
      1 6784
      1 6785
      1 6786
      1 6787
      1 6790
      4 6792
      1 6793
      3 6794
      2 6798
      2 6802
      2 6803
      2 6809
      1 6810
      1 6812
      1 6814
      2 6816
      1 6817
      1 6818
      2 6819
      2 6820
      3 6826
      1 6827
      1 6835
      1 6836
      1 6837
      2 6839
      2 6840
      1 6842
      1 6844
      2 6845
      2 6846
      1 6847
      2 6848
      1 6849
      1 6850
      1 6851
      1 6852
      1 6853
      1 6857
      3 6860
      2 6861
      2 6863
      1 6864
      1 6865
      1 6866
      1 6867
      1 6868
      1 6870
      1 6871
      2 6872
      1 6874
      1 6876
      3 6878
      2 6880
      2 6881
      1 6885
      1 6886
      1 6888
      1 6889
      2 6891
      1 6893
      1 6894
      1 6899
      1 6902
      1 6903
      1 6907
      1 6910
      1 6911
      1 6914
      1 6916
      1 6917
      1 6918
      1 6919
      1 6922
      1 6924
      2 6925
      1 6926
      1 6927
      1 6928
      2 6929
      1 6933
      4 6934
      2 6936
      3 6937
      1 6938
      1 6940
      1 6941
      1 6942
      1 6947
      1 6952
      2 6953
      1 6955
      2 6956
      1 6961
      1 6963
      2 6965
      1 6966
      1 6967
      1 6968
      1 6969
      1 6970
      1 6973
      1 6977
      1 6978
      1 6980
      1 6981
      1 6985
      1 6986
      1 6987
      1 6989
      2 6990
      2 6994
      1 6997
      1 6999
      2 7000
      1 7005
      1 7008
      3 7010
      1 7012
      1 7013
      1 7014
      2 7015
      1 7019
      1 7023
      1 7024
      2 7025
      1 7027
      1 7031
      1 7033
      3 7034
      2 7035
      1 7037
      2 7038
      2 7039
      1 7040
      1 7042
      1 7044
      2 7048
      1 7049
      1 7050
      1 7053
      1 7054
      2 7055
      1 7057
      2 7058
      2 7060
      1 7063
      2 7065
      2 7066
      1 7067
      3 7068
      1 7070
      1 7071
      2 7075
      1 7076
      1 7077
      1 7080
      2 7081
      3 7082
      1 7085
      2 7087
      1 7088
      1 7090
      1 7094
      1 7096
      1 7097
      1 7099
      2 7100
      1 7101
      1 7102
      3 7103
      2 7105
      1 7106
      2 7107
      1 7109
      2 7110
      1 7111
      1 7112
      2 7117
      1 7118
      1 7120
      1 7121
      1 7123
      2 7130
      1 7134
      2 7137
      1 7138
      3 7139
      1 7142
      3 7144
      1 7151
      1 7153
      2 7154
      1 7161
      3 7163
      2 7166
      1 7170
      2 7172
      1 7174
      1 7177
      1 7180
      1 7185
      2 7186
      1 7191
      1 7193
      1 7195
      1 7197
      1 7198
      1 7201
      1 7204
      1 7209
      1 7211
      3 7212
      1 7213
      3 7214
      2 7216
      3 7217
      1 7219
      1 7220
      2 7221
      1 7225
      1 7226
      1 7230
      2 7231
      1 7232
      1 7235
      1 7236
      1 7237
      1 7239
      1 7240
      1 7245
      1 7253
      1 7255
      1 7259
      1 7261
      1 7262
      1 7265
      1 7266
      1 7267
      1 7268
      1 7270
      1 7271
      1 7273
      1 7275
      1 7276
      1 7278
      2 7279
      1 7280
      2 7282
      3 7284
      1 7286
      1 7290
      1 7292
      1 7294
      1 7296
      1 7298
      2 7299
      2 7302
      1 7303
      1 7304
      2 7306
      1 7307
      1 7308
      1 7310
      2 7311
      1 7313
      1 7316
      1 7317
      1 7318
      1 7320
      1 7322
      1 7325
      1 7326
      1 7329
      3 7330
      1 7331
      1 7335
      1 7336
      1 7340
      1 7341
      1 7342
      1 7346
      1 7353
      2 7357
      2 7359
      2 7360
      1 7361
      1 7362
      1 7363
      1 7365
      1 7371
      1 7374
      1 7382
      1 7383
      1 7384
      1 7386
      3 7387
      1 7389
      1 7390
      1 7395
      1 7399
      1 7402
      1 7403
      1 7404
      1 7411
      1 7412
      3 7414
      1 7416
      1 7418
      2 7419
      2 7424
      1 7429
      1 7431
      1 7432
      1 7433
      1 7434
      1 7435
      3 7438
      1 7439
      1 7440
      3 7442
      2 7444
      2 7445
      1 7447
      1 7449
      3 7450
      1 7454
      1 7456
      1 7459
      1 7461
      1 7463
      2 7464
      2 7465
      1 7472
      2 7473
      1 7478
      2 7484
      1 7485
      1 7486
      1 7487
      2 7488
      1 7490
      1 7492
      1 7494
      1 7497
      1 7500
      1 7501
      1 7502
      2 7505
      1 7506
      1 7507
      1 7509
      1 7513
      1 7514
      1 7515
      1 7522
      1 7524
      1 7528
      1 7529
      1 7530
      1 7531
      1 7532
      1 7533
      1 7535
      2 7537
      1 7539
      1 7541
      1 7543
      1 7545
      1 7549
      1 7553
      1 7558
      1 7560
      1 7561
      1 7563
      1 7564
      1 7566
      1 7568
      2 7569
      2 7570
      1 7572
      1 7576
      1 7577
      1 7583
      1 7585
      2 7589
      2 7590
      1 7591
      1 7592
      1 7595
      2 7600
      1 7601
      1 7602
      1 7603
      1 7606
      1 7607
      2 7611
      1 7612
      1 7613
      1 7614
      2 7615
      1 7616
      1 7620
      2 7623
      1 7624
      1 7625
      2 7626
      2 7629
      1 7630
      1 7631
      2 7632
      2 7635
      1 7636
      2 7640
      1 7648
      3 7649
      1 7650
      3 7654
      1 7657
      1 7659
      2 7660
      1 7662
      2 7663
      1 7664
      1 7668
      1 7669
      1 7670
      1 7671
      1 7672
      1 7673
      2 7678
      1 7682
      1 7685
      1 7687
      1 7688
      1 7691
      1 7692
      1 7693
      1 7698
      1 7701
      1 7702
      1 7703
      1 7704
      1 7707
      1 7708
      1 7711
      1 7713
      1 7716
      1 7719
      2 7721
      1 7722
      1 7725
      2 7726
      1 7730
      1 7732
      1 7733
      1 7734
      1 7735
      2 7737
      1 7738
      1 7739
      2 7741
      2 7742
      2 7743
      1 7745
      1 7747
      2 7748
      2 7751
      1 7752
      1 7755
      2 7758
      1 7760
      2 7762
      1 7763
      1 7765
      1 7766
      2 7767
      1 7768
      1 7771
      2 7772
      1 7776
      3 7779
      2 7780
      1 7782
      1 7784
      1 7786
      1 7787
      1 7788
      1 7791
      2 7792
      1 7793
      2 7795
      1 7796
      1 7797
      2 7800
      1 7801
      1 7803
      1 7806
      1 7807
      2 7808
      1 7818
      1 7820
      1 7824
      1 7826
      1 7836
      1 7838
      1 7841
      1 7842
      1 7843
      1 7844
      1 7850
      1 7851
      1 7854
      1 7857
      2 7858
      1 7862
      1 7863
      2 7864
      1 7865
      1 7866
      2 7867
      2 7870
      1 7872
      1 7875
      1 7876
      2 7878
      2 7880
      1 7885
      1 7888
      1 7896
      2 7899
      1 7904
      2 7906
      1 7907
      2 7908
      1 7909
      1 7911
      1 7918
      1 7922
      1 7923
      1 7924
      1 7929
      1 7930
      1 7931
      1 7935
      1 7938
      3 7943
      1 7944
      1 7947
      1 7952
      1 7954
      1 7957
      1 7960
      1 7961
      1 7963
      1 7964
      1 7967
      1 7968
      2 7971
      2 7974
      2 7975
      1 7977
      1 7990
      1 7992
      1 7994
      1 7999
      1 8001
      1 8007
      1 8010
      1 8013
      1 8016
      1 8021
      1 8023
      1 8026
      1 8028
      1 8030
      1 8031
      1 8037
      1 8040
      1 8041
      1 8042
      1 8046
      1 8049
      1 8050
      3 8051
      1 8053
      2 8054
      1 8057
      2 8058
      1 8067
      1 8075
      1 8079
      1 8080
      1 8083
      1 8085
      1 8087
      1 8097
      1 8100
      2 8101
      2 8102
      2 8103
      1 8111
      1 8113
      1 8118
      1 8120
      1 8122
      1 8126
      1 8129
      2 8136
      1 8137
      1 8138
      2 8141
      1 8142
      2 8149
      2 8151
      1 8154
      1 8158
      1 8164
      1 8171
      1 8174
      2 8175
      1 8176
      2 8182
      1 8183
      2 8185
      1 8187
      2 8189
      1 8190
      1 8192
      2 8195
      1 8197
      1 8198
      2 8200
      1 8202
      1 8203
      2 8204
      1 8205
      1 8208
      1 8210
      1 8211
      1 8212
      2 8213
      1 8214
      1 8216
      1 8217
      1 8222
      1 8231
      2 8236
      1 8237
      2 8242
      1 8246
      4 8250
      1 8251
      1 8252
      1 8253
      1 8254
      1 8255
      2 8256
      1 8258
      1 8263
      1 8266
      1 8267
      4 8269
      1 8270
      1 8275
      1 8279
      1 8280
      1 8282
      1 8284
      2 8288
      1 8292
      1 8293
      1 8294
      1 8295
      1 8305
      1 8307
      1 8309
      1 8311
      1 8314
      1 8316
      3 8321
      1 8324
      1 8326
      1 8327
      1 8331
      1 8332
      1 8333
      2 8334
      1 8336
      1 8341
      1 8343
      1 8344
      3 8345
      1 8349
      2 8350
      2 8351
      2 8352
      1 8353
      1 8356
      1 8358
      2 8361
      1 8362
      1 8363
      2 8364
      1 8365
      1 8367
      3 8369
      1 8372
      3 8374
      1 8375
      1 8381
      1 8382
      1 8384
      1 8394
      2 8400
      1 8405
      1 8406
      1 8408
      1 8409
      1 8410
      1 8411
      2 8414
      1 8415
      2 8421
      1 8427
      1 8429
      1 8430
      2 8432
      3 8441
      1 8445
      1 8448
      1 8451
      1 8457
      1 8470
      2 8473
      1 8477
      1 8478
      1 8486
      1 8487
      1 8489
      1 8494
      1 8495
      1 8498
      1 8499
      2 8501
      1 8502
      1 8503
      1 8505
      1 8509
      1 8511
      1 8512
      1 8518
      2 8525
      1 8529
      1 8530
      2 8537
      1 8539
      2 8542
      2 8547
      1 8552
      1 8553
      1 8554
      1 8555
      1 8556
      2 8565
      2 8574
      1 8575
      1 8578
      2 8582
      1 8585
      2 8587
      1 8591
      1 8598
      1 8601
      1 8605
      1 8608
      1 8609
      1 8610
      1 8611
      1 8612
      1 8614
      1 8619
      1 8622
      2 8625
      1 8626
      2 8627
      2 8628
      1 8629
      1 8630
      1 8631
      1 8632
      1 8634
      1 8635
      1 8638
      1 8640
      1 8641
      1 8642
      2 8643
      1 8646
      2 8648
      1 8657
      2 8667
      2 8670
      1 8675
      1 8680
      2 8681
      4 8692
      1 8693
      1 8694
      1 8696
      2 8697
      1 8699
      1 8702
      1 8705
      3 8713
      1 8714
      2 8715
      2 8722
      1 8725
      1 8726
      1 8729
      1 8735
      2 8738
      1 8739
      1 8745
      1 8746
      1 8747
      1 8748
      1 8749
      1 8755
      1 8759
      2 8760
      1 8764
      2 8767
      1 8768
      1 8774
      1 8775
      1 8778
      1 8780
      2 8781
      1 8782
      1 8790
      1 8791
      1 8793
      1 8795
      1 8797
      1 8808
      2 8815
      1 8816
      1 8818
      1 8819
      2 8823
      1 8825
      1 8828
      1 8835
      2 8836
      1 8837
      1 8838
      1 8840
      1 8845
      1 8848
      1 8850
      1 8853
      1 8854
      1 8855
      1 8858
      2 8862
      1 8868
      1 8871
      1 8876
      1 8878
      1 8879
      2 8883
      1 8885
      1 8886
      1 8887
      1 8893
      1 8896
      1 8902
      2 8903
      1 8905
      2 8909
      1 8910
      1 8914
      1 8915
      1 8916
      1 8922
      1 8924
      1 8926
      2 8940
      1 8942
      2 8943
      2 8946
      1 8948
      1 8949
      1 8952
      1 8957
      2 8959
      1 8960
      1 8961
      1 8964
      2 8967
      1 8971
      1 8975
      1 8976
      1 8977
      2 8978
      1 8988
      1 8991
      2 8993
      1 8998
      1 8999
      1 9003
      2 9005
      1 9011
      1 9012
      1 9015
      1 9016
      1 9017
      1 9018
      2 9019
      1 9021
      2 9025
      2 9028
      1 9029
      1 9033
      1 9036
      1 9037
      1 9041
      2 9043
      2 9045
      1 9047
      2 9056
      1 9061
      1 9066
      2 9067
      1 9068
      1 9071
      1 9072
      1 9077
      1 9080
      1 9086
      1 9089
      1 9095
      1 9096
      1 9097
      2 9101
      1 9107
      1 9108
      1 9112
      1 9113
      1 9118
      1 9125
      2 9129
      1 9131
      1 9138
      1 9139
      3 9140
      1 9141
      1 9143
      1 9146
      1 9150
      2 9151
      1 9154
      2 9157
      1 9159
      1 9170
      1 9175
      1 9176
      2 9177
      1 9178
      1 9181
      1 9186
      2 9189
      2 9193
      1 9196
      2 9197
      2 9198
      1 9199
      4 9200
      1 9201
      1 9206
      1 9208
      1 9209
      2 9210
      1 9211
      1 9212
      1 9214
      1 9217
      3 9218
      2 9220
      1 9225
      1 9226
      1 9230
      2 9234
      1 9236
      1 9238
      1 9239
      1 9241
      1 9242
      1 9243
      2 9245
      1 9246
      1 9249
      1 9250
      2 9255
      1 9256
      1 9259
      1 9262
      2 9265
      1 9267
      1 9271
      1 9272
      1 9274
      1 9279
      1 9285
      1 9286
      1 9287
      1 9290
      1 9292
      1 9293
      1 9294
      2 9295
      1 9296
      1 9305
      1 9308
      2 9309
      1 9310
      2 9311
      1 9314
      1 9321
      1 9328
      1 9336
      1 9338
      2 9339
      1 9340
      1 9341
      1 9343
      1 9345
      1 9349
      1 9350
      1 9360
      1 9362
      1 9363
      1 9365
      1 9374
      2 9375
      3 9380
      2 9394
      1 9399
      2 9401
      1 9405
      1 9407
      1 9408
      1 9409
      1 9410
      1 9412
      1 9415
      1 9417
      1 9418
      1 9421
      2 9423
      1 9428
      1 9430
      2 9431
      1 9442
      1 9447
      1 9448
      1 9449
      1 9451
      3 9458
      2 9465
      1 9468
      1 9470
      1 9471
      1 9479
      1 9484
      1 9486
      1 9494
      1 9496
      1 9502
      1 9504
      1 9506
      2 9510
      1 9513
      1 9514
      1 9518
      1 9521
      1 9522
      1 9523
      2 9524
      1 9534
      1 9543
      1 9548
      1 9549
      1 9552
      1 9553
      1 9558
      1 9561
      1 9570
      1 9575
      1 9579
      1 9581
      2 9583
      1 9587
      2 9594
      2 9596
      1 9598
      1 9600
      1 9603
      1 9605
      1 9608
      2 9613
      1 9623
      1 9624
      2 9626
      1 9628
      2 9630
      1 9633
      1 9635
      2 9644
      1 9647
      1 9648
      1 9650
      1 9651
      1 9657
      1 9658
      1 9664
      1 9675
      1 9683
      2 9688
      1 9691
      1 9692
      1 9693
      1 9697
      1 9699
      2 9700
      1 9706
      1 9709
      2 9715
      1 9718
      1 9722
      2 9724
      1 9727
      2 9728
      1 9729
      2 9731
      1 9732
      2 9734
      1 9745
      1 9746
      1 9747
      1 9751
      1 9755
      3 9757
      1 9758
      2 9761
      2 9762
      1 9765
      2 9770
      1 9771
      3 9773
      1 9774
      2 9780
      1 9783
      3 9791
      1 9802
      1 9803
      1 9806
      1 9809
      1 9811
      1 9812
      1 9815
      1 9817
      1 9818
      1 9819
      1 9825
      1 9831
      2 9832
      1 9836
      2 9837
      1 9839
      2 9847
      2 9857
      1 9860
      1 9862
      1 9865
      3 9869
      1 9872
      1 9877
      1 9880
      1 9881
      1 9883
      1 9888
      1 9890
      1 9898
      1 9900
      1 9905
      1 9906
      1 9910
      1 9913
      1 9921
      1 9922
      1 9926
      1 9928
      1 9929
      1 9931
      1 9932
      3 9933
      1 9934
      1 9935
      1 9937
      1 9942
      1 9943
      2 9950
      1 9952
      1 9953
      1 9954
      1 9955
      2 9959
      1 9960
      1 9972
      1 9975
      1 9976
      1 9979
      2 9981
      2 9983
      2 9984
      1 9986
      1 9987
      1 9994
      1 9997
      2 9999
      1 10000
      1 10003
      1 10008
      1 10009
      1 10010
      1 10012
      1 10015
      2 10016
      2 10017
      1 10020
      1 10022
      1 10023
      1 10024
      1 10027
      1 10034
      1 10038
      1 10047
      1 10052
      1 10053
      1 10055
      1 10058
      2 10064
      1 10067
      1 10068
      1 10069
      1 10075
      1 10076
      1 10077
      1 10078
      1 10079
      2 10080
      2 10081
      1 10083
      2 10089
      1 10097
      2 10099
      1 10102
      1 10103
      1 10104
      1 10105
      1 10114
      1 10122
      1 10123
      2 10129
      1 10132
      2 10137
      1 10140
      2 10141
      1 10149
      1 10154
      1 10159
      1 10163
      1 10164
      1 10168
      2 10173
      1 10178
      1 10179
      2 10181
      1 10190
      1 10192
      1 10194
      2 10202
      1 10212
      1 10214
      1 10216
      1 10220
      1 10226
      1 10227
      1 10228
      1 10230
      1 10231
      1 10235
      1 10237
      1 10242
      1 10243
      1 10249
      1 10253
      1 10254
      1 10255
      1 10256
      1 10262
      1 10263
      1 10267
      1 10278
      1 10280
      2 10285
      1 10289
      1 10291
      1 10293
      1 10294
      1 10296
      1 10297
      1 10299
      1 10302
      1 10306
      1 10309
      1 10313
      2 10322
      1 10323
      1 10331
      1 10333
      1 10347
      1 10352
      2 10356
      1 10360
      1 10361
      1 10364
      1 10365
      1 10369
      1 10372
      1 10379
      1 10387
      1 10390
      1 10393
      1 10397
      1 10400
      1 10409
      1 10411
      1 10417
      1 10418
      1 10420
      1 10424
      1 10425
      1 10426
      1 10432
      1 10433
      1 10435
      1 10437
      2 10446
      2 10448
      1 10452
      2 10456
      1 10459
      1 10466
      1 10469
      1 10473
      2 10474
      1 10475
      1 10476
      1 10478
      2 10481
      2 10482
      1 10495
      1 10496
      1 10498
      1 10500
      1 10505
      1 10512
      2 10517
      2 10521
      1 10522
      1 10525
      1 10527
      2 10537
      1 10539
      1 10541
      1 10546
      1 10548
      3 10557
      2 10562
      1 10563
      1 10564
      2 10565
      1 10581
      1 10584
      1 10590
      1 10602
      1 10603
      2 10605
      1 10612
      1 10619
      1 10620
      2 10624
      1 10633
      1 10636
      1 10639
      1 10643
      2 10644
      1 10649
      2 10652
      3 10658
      1 10673
      1 10679
      2 10681
      2 10688
      1 10692
      1 10695
      1 10698
      1 10700
      1 10708
      1 10709
      1 10711
      2 10712
      1 10717
      1 10722
      1 10728
      1 10730
      1 10732
      1 10735
      1 10738
      1 10741
      1 10745
      1 10748
      1 10754
      1 10760
      1 10765
      1 10770
      1 10771
      2 10788
      1 10791
      1 10804
      1 10810
      1 10811
      1 10821
      1 10827
      1 10834
      1 10847
      1 10850
      1 10854
      1 10889
      1 10893
      1 10899
      1 10903
      1 10905
      1 10910
      1 10914
      1 10916
      1 10917
      1 10921
      1 10924
      1 10933
      3 10941
      1 10942
      1 10946
      1 10951
      1 10956
      2 10957
      1 10962
      1 10963
      1 10964
      1 10968
      1 10976
      1 10981
      1 10983
      1 10985
      1 10988
      1 10990
      2 10991
      1 10993
      1 10995
      1 10996
      2 10999
      1 11007
      1 11010
      1 11018
      1 11019
      1 11021
      1 11022
      1 11030
      1 11032
      1 11034
      1 11036
      1 11050
      2 11051
      1 11060
      2 11065
      1 11066
      1 11069
      1 11085
      1 11089
      1 11093
      2 11101
      1 11104
      1 11118
      2 11119
      1 11120
      1 11128
      1 11136
      1 11139
      1 11143
      1 11148
      1 11160
      1 11169
      1 11176
      2 11183
      1 11188
      1 11189
      1 11196
      1 11199
      1 11200
      1 11202
      1 11206
      1 11208
      1 11210
      1 11218
      1 11219
      1 11223
      1 11238
      2 11239
      1 11243
      1 11245
      1 11249
      1 11253
      1 11256
      1 11260
      1 11268
      1 11270
      1 11271
      1 11284
      1 11295
      1 11306
      1 11317
      1 11324
      1 11329
      1 11332
      2 11335
      1 11336
      2 11339
      1 11347
      1 11353
      1 11355
      2 11364
      1 11365
      1 11374
      1 11376
      1 11377
      1 11378
      2 11383
      1 11387
      1 11389
      1 11390
      1 11399
      1 11417
      1 11418
      1 11420
      1 11425
      1 11426
      1 11428
      1 11429
      1 11432
      1 11433
      1 11434
      1 11443
      1 11445
      1 11451
      3 11456
      1 11458
      1 11463
      1 11471
      1 11473
      1 11474
      1 11480
      1 11500
      1 11506
      1 11513
      1 11517
      1 11523
      1 11534
      1 11536
      1 11539
      1 11556
      1 11560
      1 11563
      1 11568
      1 11577
      1 11578
      1 11584
      1 11590
      1 11595
      1 11597
      1 11599
      1 11607
      1 11615
      1 11616
      1 11628
      1 11630
      1 11635
      1 11636
      1 11642
      1 11664
      1 11672
      1 11683
      1 11688
      1 11700
      2 11701
      1 11711
      1 11712
      1 11717
      1 11727
      1 11734
      1 11744
      2 11752
      1 11753
      1 11754
      1 11756
      1 11757
      1 11758
      1 11760
      1 11762
      1 11769
      2 11786
      1 11791
      1 11801
      1 11805
      1 11809
      1 11832
      1 11833
      1 11837
      1 11866
      1 11872
      1 11877
      1 11887
      1 11890
      1 11907
      2 11915
      1 11921
      1 11925
      1 11928
      1 11933
      1 11940
      1 11942
      1 11944
      1 11945
      1 11964
      1 11965
      1 11966
      1 11967
      2 11974
      1 11988
      1 12010
      1 12020
      1 12023
      1 12063
      2 12069
      1 12071
      1 12073
      1 12074
      2 12075
      2 12076
      1 12077
      1 12078
      1 12082
      1 12087
      1 12091
      1 12097
      1 12102
      1 12107
      1 12142
      3 12146
      1 12148
      1 12156
      1 12159
      1 12160
      1 12163
      1 12168
      1 12169
      1 12172
      1 12173
      2 12174
      2 12180
      1 12185
      2 12188
      1 12190
      1 12192
      1 12200
      1 12206
      1 12213
      1 12214
      1 12223
      1 12224
      1 12225
      1 12241
      1 12243
      1 12244
      1 12250
      1 12261
      1 12269
      1 12276
      1 12278
      1 12289
      1 12300
      1 12304
      1 12313
      1 12315
      1 12316
      1 12318
      1 12321
      1 12322
      1 12329
      1 12332
      1 12337
      1 12343
      1 12344
      1 12347
      1 12360
      1 12361
      1 12367
      1 12371
      1 12378
      1 12387
      1 12389
      1 12401
      1 12404
      1 12405
      1 12416
      1 12418
      2 12419
      1 12441
      1 12444
      1 12446
      1 12448
      1 12455
      1 12457
      2 12478
      1 12479
      1 12488
      1 12495
      1 12498
      1 12502
      1 12511
      1 12520
      1 12524
      2 12540
      1 12541
      1 12542
      1 12543
      1 12544
      1 12554
      1 12557
      1 12558
      1 12561
      1 12568
      1 12569
      3 12580
      1 12586
      1 12592
      1 12599
      1 12605
      1 12613
      1 12622
      1 12635
      2 12642
      1 12650
      1 12656
      1 12659
      1 12669
      2 12677
      1 12682
      1 12697
      1 12700
      1 12717
      1 12724
      1 12727
      1 12738
      1 12743
      1 12752
      2 12756
      1 12768
      1 12773
      1 12774
      1 12784
      1 12789
      1 12791
      1 12803
      1 12807
      1 12816
      1 12825
      1 12830
      1 12833
      1 12842
      1 12845
      1 12847
      1 12849
      1 12866
      1 12875
      1 12876
      1 12883
      2 12900
      1 12903
      1 12911
      1 12931
      1 12941
      1 12942
      1 12944
      1 12950
      1 12954
      1 12959
      1 12982
      1 12986
      1 12991
      1 12995
      1 13014
      1 13021
      1 13048
      2 13055
      1 13061
      1 13077
      1 13096
      1 13101
      1 13104
      1 13107
      1 13109
      1 13111
      1 13113
      1 13114
      1 13115
      1 13118
      1 13119
      1 13121
      1 13126
      1 13127
      1 13129
      1 13132
      1 13138
      1 13142
      1 13143
      1 13144
      1 13145
      1 13157
      1 13160
      1 13162
      1 13171
      1 13182
      1 13183
      1 13189
      1 13192
      2 13203
      2 13205
      1 13206
      1 13219
      1 13221
      1 13235
      1 13238
      1 13244
      2 13253
      1 13257
      1 13261
      1 13268
      1 13290
      1 13291
      1 13295
      1 13297
      1 13303
      1 13314
      1 13315
      1 13319
      1 13327
      1 13332
      1 13342
      1 13345
      1 13349
      1 13355
      1 13362
      2 13370
      1 13372
      1 13378
      1 13379
      1 13392
      1 13395
      1 13399
      1 13404
      1 13410
      1 13412
      2 13413
      1 13419
      1 13427
      1 13430
      1 13432
      1 13434
      1 13445
      1 13448
      1 13452
      1 13455
      1 13462
      1 13465
      1 13470
      1 13489
      1 13491
      1 13507
      1 13521
      1 13529
      1 13542
      1 13543
      1 13555
      1 13568
      1 13604
      1 13607
      2 13617
      1 13624
      1 13625
      1 13638
      1 13639
      1 13648
      1 13655
      1 13659
      1 13660
      1 13668
      1 13671
      1 13675
      1 13676
      1 13692
      1 13702
      1 13707
      1 13709
      1 13723
      1 13725
      1 13737
      1 13742
      1 13746
      1 13752
      2 13770
      1 13771
      1 13773
      1 13776
      1 13791
      1 13792
      1 13793
      1 13798
      1 13818
      1 13819
      1 13821
      1 13824
      2 13837
      1 13839
      1 13847
      1 13851
      1 13868
      1 13877
      1 13881
      1 13897
      2 13900
      1 13906
      1 13913
      1 13932
      2 13933
      1 13936
      1 13957
      1 13961
      1 13962
      2 13970
      1 13986
      1 13992
      1 14000
      1 14004
      2 14006
      1 14019
      1 14023
      1 14034
      1 14049
      1 14097
      1 14102
      1 14108
      1 14109
      1 14118
      2 14121
      1 14127
      1 14131
      1 14140
      1 14144
      1 14154
      1 14172
      1 14182
      1 14196
      1 14212
      1 14214
      1 14232
      1 14234
      2 14241
      1 14247
      1 14261
      1 14277
      1 14278
      1 14280
      1 14286
      1 14297
      1 14312
      1 14313
      2 14325
      1 14328
      1 14330
      1 14331
      1 14351
      1 14357
      1 14362
      1 14374
      1 14377
      1 14391
      1 14403
      1 14408
      1 14419
      1 14421
      1 14424
      1 14425
      1 14433
      1 14439
      1 14451
      1 14452
      1 14454
      1 14470
      1 14477
      1 14483
      1 14486
      1 14491
      1 14505
      3 14512
      2 14514
      1 14519
      1 14522
      1 14524
      1 14525
      1 14533
      1 14535
      1 14541
      1 14546
      1 14551
      1 14554
      1 14565
      1 14572
      1 14585
      1 14592
      2 14603
      2 14606
      1 14608
      1 14609
      1 14613
      1 14614
      1 14646
      1 14657
      1 14674
      1 14700
      2 14723
      1 14734
      1 14742
      1 14750
      1 14783
      1 14791
      1 14793
      2 14801
      1 14811
      1 14818
      1 14823
      1 14827
      2 14834
      1 14839
      1 14840
      1 14842
      1 14853
      1 14864
      1 14872
      1 14889
      1 14898
      1 14900
      1 14903
      1 14917
      1 14919
      1 14926
      1 14927
      1 14931
      1 14936
      2 14941
      2 14942
      1 14955
      1 14960
      1 14965
      1 14966
      1 14968
      1 14977
      1 14979
      1 14987
      1 14989
      1 15001
      1 15002
      1 15004
      1 15017
      1 15031
      1 15038
      1 15043
      1 15046
      2 15056
      1 15064
      1 15069
      1 15074
      1 15083
      1 15092
      1 15157
      1 15163
      1 15167
      1 15169
      1 15183
      1 15187
      1 15189
      1 15190
      1 15201
      2 15206
      1 15211
      1 15226
      1 15228
      1 15232
      1 15235
      1 15238
      1 15241
      1 15257
      1 15286
      1 15290
      1 15295
      1 15311
      1 15317
      1 15330
      1 15348
      1 15353
      1 15363
      1 15368
      1 15373
      1 15375
      1 15384
      1 15388
      1 15409
      1 15411
      2 15420
      1 15423
      1 15425
      1 15429
      1 15440
      1 15442
      1 15449
      1 15455
      1 15474
      1 15479
      2 15490
      1 15492
      1 15503
      1 15525
      1 15530
      1 15537
      1 15541
      1 15548
      1 15572
      1 15586
      1 15588
      1 15589
      1 15595
      1 15600
      2 15610
      1 15613
      1 15625
      1 15631
      1 15643
      1 15648
      1 15649
      1 15655
      1 15656
      1 15671
      1 15682
      1 15695
      1 15697
      2 15720
      1 15728
      1 15729
      1 15755
      1 15793
      1 15803
      1 15808
      1 15822
      1 15825
      1 15827
      1 15829
      1 15837
      1 15842
      1 15844
      1 15854
      1 15862
      1 15871
      1 15883
      1 15892
      2 15895
      2 15898
      1 15899
      2 15907
      1 15926
      1 15928
      1 15932
      2 15933
      1 15943
      1 15996
      2 16003
      1 16005
      1 16031
      1 16040
      1 16045
      1 16048
      1 16055
      1 16068
      1 16072
      1 16074
      1 16075
      1 16076
      1 16080
      1 16093
      1 16114
      1 16120
      1 16125
      1 16135
      1 16155
      1 16156
      1 16157
      1 16178
      1 16190
      1 16197
      1 16206
      1 16212
      1 16216
      1 16225
      1 16229
      1 16236
      1 16239
      1 16252
      1 16264
      2 16266
      1 16281
      1 16285
      1 16286
      1 16287
      1 16296
      1 16299
      2 16300
      1 16315
      1 16319
      1 16327
      1 16330
      1 16335
      1 16346
      1 16354
      1 16380
      1 16393
      1 16396
      1 16407
      1 16410
      1 16412
      1 16424
      1 16442
      1 16443
      1 16447
      1 16452
      1 16467
      1 16474
      1 16476
      1 16493
      1 16507
      1 16528
      1 16546
      1 16551
      1 16557
      1 16572
      1 16582
      1 16583
      1 16590
      1 16607
      1 16634
      1 16643
      1 16652
      1 16657
      1 16667
      1 16671
      1 16685
      1 16689
      1 16700
      1 16702
      1 16708
      1 16713
      1 16728
      1 16747
      1 16753
      1 16764
      1 16782
      1 16803
      1 16818
      1 16830
      1 16840
      1 16845
      1 16852
      1 16855
      1 16866
      1 16874
      1 16887
      1 16889
      1 16893
      1 16907
      1 16920
      1 16941
      1 16954
      1 16956
      1 16962
      1 16965
      1 16966
      1 16967
      1 16981
      1 16984
      1 16990
      1 16993
      1 17017
      1 17019
      1 17020
      1 17021
      1 17044
      2 17053
      1 17057
      1 17070
      1 17071
      1 17074
      1 17099
      1 17103
      1 17116
      1 17122
      1 17130
      1 17139
      1 17142
      1 17153
      1 17162
      1 17176
      1 17182
      3 17196
      1 17213
      1 17221
      1 17259
      1 17278
      1 17279
      1 17304
      1 17306
      1 17309
      1 17344
      1 17347
      1 17348
      2 17360
      1 17382
      1 17400
      1 17412
      1 17419
      1 17429
      1 17439
      1 17448
      1 17456
      1 17461
      1 17490
      1 17499
      1 17501
      1 17510
      1 17512
      1 17533
      1 17537
      2 17538
      1 17548
      1 17589
      1 17599
      1 17603
      1 17608
      1 17615
      1 17628
      1 17630
      1 17646
      1 17672
      1 17687
      1 17715
      1 17721
      1 17751
      1 17755
      1 17758
      1 17760
      1 17767
      1 17779
      1 17791
      1 17799
      1 17800
      1 17823
      1 17828
      1 17834
      1 17839
      1 17840
      1 17843
      1 17846
      1 17858
      1 17884
      1 17892
      1 17904
      2 17913
      1 17919
      2 17926
      1 17936
      1 17941
      1 17945
      2 17949
      1 17953
      1 17958
      1 17989
      1 17994
      1 18015
      1 18021
      1 18022
      1 18032
      1 18039
      1 18041
      1 18044
      1 18081
      1 18087
      1 18090
      1 18101
      1 18102
      1 18118
      1 18129
      1 18137
      1 18141
      2 18157
      1 18202
      1 18215
      1 18217
      1 18223
      1 18272
      1 18275
      1 18286
      1 18288
      1 18304
      1 18318
      1 18384
      1 18448
      1 18454
      1 18504
      1 18517
      1 18550
      1 18553
      1 18569
      1 18573
      1 18594
      1 18597
      1 18612
      1 18630
      1 18632
      1 18658
      1 18669
      1 18677
      1 18680
      1 18683
      1 18691
      2 18699
      1 18703
      1 18724
      1 18740
      1 18746
      2 18757
      1 18767
      1 18781
      1 18792
      1 18805
      1 18874
      1 18896
      1 18899
      1 18925
      1 18928
      1 18938
      1 18948
      1 18960
      1 18963
      1 19006
      1 19030
      1 19035
      1 19087
      1 19127
      1 19160
      1 19182
      1 19184
      1 19191
      1 19217
      1 19218
      1 19221
      1 19269
      1 19270
      1 19294
      1 19305
      1 19333
      1 19355
      1 19362
      1 19370
      1 19419
      1 19426
      1 19440
      1 19446
      1 19485
      1 19491
      1 19502
      1 19527
      1 19533
      1 19555
      1 19563
      1 19569
      1 19571
      1 19613
      1 19617
      1 19635
      1 19643
      1 19664
      1 19681
      1 19682
      1 19730
      1 19732
      1 19780
      1 19855
      2 19905
      1 19918
      1 19927
      1 19937
      1 19945
      1 19961
      1 19974
      1 20007
      1 20032
      1 20043
      1 20050
      1 20063
      1 20085
      1 20102
      1 20109
      1 20150
      1 20190
      1 20216
      1 20249
      1 20301
      1 20302
      1 20331
      1 20348
      1 20350
      1 20360
      1 20381
      1 20481
      1 20489
      1 20538
      1 20541
      1 20585
      1 20614
      1 20672
      1 20676
      1 20695
      1 20756
      1 20819
      1 20857
      1 20887
      1 20891
      1 20910
      1 20940
      1 20948
      1 20985
      1 20989
      1 20999
      1 21012
      1 21023
      1 21034
      1 21044
      1 21049
      1 21055
      1 21064
      1 21086
      1 21106
      1 21119
      1 21131
      1 21133
      1 21155
      1 21164
      1 21165
      1 21211
      1 21222
      1 21251
      1 21305
      1 21351
      1 21374
      1 21393
      1 21421
      1 21543
      1 21552
      1 21570
      1 21626
      1 21644
      1 21650
      1 21667
      1 21750
      1 21849
      1 21873
      1 21896
      1 21906
      1 21959
      1 22007
      1 22019
      1 22023
      1 22166
      1 22197
      1 22220
      1 22274
      1 22364
      1 22371
      1 22373
      1 22404
      1 22417
      1 22441
      1 22445
      1 22488
      1 22566
      1 22652
      1 22673
      1 22813
      1 22826
      1 22834
      1 22870
      1 22880
      1 22883
      1 22988
      1 23025
      1 23131
      1 23176
      1 23186
      1 23192
      1 23254
      1 23323
      1 23330
      1 23337
      1 23390
      1 23394
      1 23409
      1 23419
      1 23618
      1 23621
      1 23667
      1 23709
      1 23735
      1 23786
      1 23787
      1 23838
      1 23869
      1 23885
      1 23897
      1 23948
      1 24014
      1 24018
      1 24040
      1 24196
      1 24281
      1 24710
      1 24836
      1 24860
      1 24870
      1 24892
      1 24941
      1 24974
      1 24986
      1 25119
      1 25199
      1 25239
      1 25383
      1 25431
      1 25449
      1 25456
      1 25458
      1 25625
      1 25630
      1 25785
      1 25839
      1 26521
      1 26559
      1 26620
      2 26686
      1 26997
      1 27014
      1 27157
      1 27188
      1 27419
      1 27452
      1 27664
      1 27674
      1 27926
      1 27994
      1 28204
      1 28210
      1 28338
      1 28506
      1 28571
      1 28576
      1 28577
      1 28586
      1 28696
      1 28758
      1 28797
      1 28835
      1 28847
      1 28891
      1 28902
      1 28914
      1 29167
      1 29170
      1 29401
      1 29411
      1 29425
      1 29434
      1 29481
      1 29486
      1 29548
      1 29617
      1 29638
      1 29669
      1 29680
      1 29691
      1 29755
      1 29762
      1 29804
      1 29819
      1 29938
      1 29968
      1 30035
      1 30037
      1 30049
      1 30052
      1 30064
      1 30065
      1 30096
      1 30213
      1 30226
      1 30231
      1 30240
      1 30309
      1 30333
      1 30347
      1 30408
      1 30412
      1 30432
      1 30459
      1 30500
      1 30579
      1 30634
      1 30659
      1 30702
      1 30784
      1 30840
      1 30890
      1 31428
      1 31767
      1 31786
      1 31835
      1 32023
      1 32121
      1 32277
      1 32372
      1 32580
      1 32628
      1 32683
      1 32730
      1 32755
      1 32757
      1 32882
      1 32883
      1 32942
      1 32974
      1 33041
      1 33091
      1 33134
      1 33146
      1 33189
      1 33266
      1 33347
      1 33590
      1 33609
      1 33625
      1 33803
      1 33813
      1 33843
      1 33981
      1 34093
      1 34191
      1 34193
      1 34378
      1 34532
      1 34555
      1 34665
      1 34674
      1 34723
      1 34784
      1 34804
      1 35083
      1 35308
      1 35469
      1 35481
      1 35591
      1 35592
      1 35678
      1 35831
      1 35892
      1 36175
      1 36202
      1 36237
      1 36343
      1 36365
      1 36420
      1 36603
      1 36636
      1 37381
      1 38046
      1 38341
      1 38774
      1 38820
      1 39079
      1 39205
      1 39478
      1 39741
      1 39770
      1 39904
      1 40064
      1 40075
      1 40427
      1 40428
      1 40453
      1 40484
      1 40524
      1 40564
      1 40593
      1 40610
      1 40653
      1 40692
      1 40705
      1 41082
      1 41137
      1 41232
      1 41555
      1 41561
      1 41594
      1 41622
      1 41639
      1 41682
      1 41713
      1 41873
      1 42325
      1 42451
      1 42512
      1 42843
      1 43050
      1 43110
      1 43212
      1 43545
      1 43711
      1 43776
      1 43986
      1 44339
      1 44520
      1 44562
      1 44677
      1 44788
      1 45403
      1 45836
      1 46597
      1 46858
      1 47050
      1 47149
      1 47343
      1 47348
      1 47430
      1 47663
      1 47997
      1 48490
      1 48647
      1 49126
      1 49440
      1 49536
      1 49729
      1 49964
      1 50142
      1 50236
      1 50312
      1 50315
      1 50479
      1 50749
      1 50795
      1 50841
      1 51075
      1 51093
      1 51306
      1 51716
      1 51748
      1 51795
