pgbench (18.6 (Debian 18.6-1.pgdg13+2))
starting vacuum...end.
transaction type: <builtin: select only>
scaling factor: 1000
query mode: simple
number of clients: 64
number of threads: 16
maximum number of tries: 1
duration: 480 s
number of transactions actually processed: 53235766
number of failed transactions: 0 (0.000%)
latency average = 0.589 ms
latency stddev = 0.950 ms
rate limit schedule lag: avg 0.201 (max 48.034) ms
initial connection time = 156.169 ms
tps = 110942.093195 (without initial connection time)
---AAD-PGBENCH-LATENCY-US---
rc=0
samples=1064982
      1 225
      1 226
      1 228
      1 231
      1 232
      2 233
      4 234
      9 235
     12 236
     13 237
     22 238
     29 239
     30 240
     49 241
     47 242
     56 243
     86 244
     94 245
    136 246
    157 247
    182 248
    217 249
    242 250
    288 251
    384 252
    412 253
    449 254
    532 255
    607 256
    707 257
    732 258
    914 259
    830 260
    975 261
   1142 262
   1217 263
   1396 264
   1496 265
   1575 266
   1789 267
   1844 268
   2051 269
   2016 270
   2202 271
   2268 272
   2452 273
   2663 274
   2650 275
   2927 276
   2906 277
   2965 278
   3088 279
   3163 280
   3169 281
   3268 282
   3298 283
   3294 284
   3298 285
   3372 286
   3428 287
   3509 288
   3382 289
   3520 290
   3494 291
   3543 292
   3619 293
   3590 294
   3753 295
   3813 296
   3859 297
   3889 298
   3820 299
   3977 300
   3926 301
   4104 302
   4245 303
   4337 304
   4292 305
   4541 306
   4477 307
   4692 308
   4728 309
   4839 310
   5088 311
   5001 312
   5080 313
   5262 314
   5334 315
   5408 316
   5539 317
   5544 318
   5781 319
   5865 320
   5852 321
   5935 322
   6094 323
   5984 324
   6190 325
   6269 326
   6426 327
   6646 328
   6549 329
   6849 330
   6989 331
   6870 332
   7084 333
   7170 334
   7159 335
   7274 336
   7420 337
   7612 338
   7523 339
   7518 340
   7630 341
   7664 342
   7753 343
   7903 344
   7856 345
   7888 346
   7631 347
   7548 348
   7512 349
   7168 350
   7105 351
   6978 352
   6983 353
   6796 354
   6684 355
   6412 356
   6240 357
   6160 358
   6049 359
   6006 360
   6060 361
   5896 362
   5825 363
   5706 364
   5695 365
   5538 366
   5548 367
   5476 368
   5364 369
   5403 370
   5438 371
   5169 372
   5197 373
   5252 374
   5128 375
   5106 376
   5063 377
   5035 378
   4998 379
   5019 380
   4978 381
   4788 382
   4873 383
   4750 384
   4901 385
   4724 386
   4650 387
   4789 388
   4591 389
   4506 390
   4579 391
   4567 392
   4507 393
   4436 394
   4480 395
   4513 396
   4484 397
   4378 398
   4498 399
   4422 400
   4402 401
   4510 402
   4441 403
   4604 404
   4505 405
   4488 406
   4546 407
   4411 408
   4318 409
   4261 410
   4299 411
   4362 412
   4267 413
   4325 414
   4219 415
   4239 416
   4098 417
   3981 418
   3854 419
   3785 420
   3787 421
   3710 422
   3496 423
   3515 424
   3374 425
   3380 426
   3238 427
   3086 428
   3220 429
   3046 430
   3090 431
   2884 432
   2996 433
   2845 434
   2743 435
   2717 436
   2684 437
   2728 438
   2668 439
   2547 440
   2600 441
   2525 442
   2577 443
   2433 444
   2440 445
   2459 446
   2452 447
   2373 448
   2324 449
   2310 450
   2221 451
   2249 452
   2240 453
   2154 454
   2149 455
   2121 456
   2189 457
   2164 458
   2127 459
   2084 460
   2093 461
   2160 462
   2056 463
   2077 464
   1967 465
   1989 466
   2042 467
   2047 468
   2016 469
   2076 470
   1994 471
   1957 472
   1928 473
   2028 474
   1937 475
   1976 476
   1890 477
   1853 478
   1894 479
   1782 480
   1904 481
   1813 482
   1816 483
   1763 484
   1728 485
   1698 486
   1665 487
   1626 488
   1652 489
   1568 490
   1519 491
   1599 492
   1500 493
   1475 494
   1463 495
   1360 496
   1382 497
   1362 498
   1320 499
   1277 500
   1254 501
   1211 502
   1251 503
   1237 504
   1116 505
   1179 506
   1119 507
   1099 508
   1155 509
   1103 510
   1149 511
   1048 512
   1055 513
    999 514
   1006 515
    968 516
   1010 517
    959 518
    988 519
   1009 520
    969 521
    961 522
    915 523
    949 524
    915 525
    908 526
    933 527
    886 528
    875 529
    918 530
    878 531
    877 532
    857 533
    829 534
    817 535
    801 536
    854 537
    837 538
    792 539
    842 540
    804 541
    775 542
    829 543
    776 544
    802 545
    789 546
    797 547
    834 548
    750 549
    716 550
    676 551
    793 552
    738 553
    623 554
    694 555
    698 556
    670 557
    668 558
    665 559
    645 560
    638 561
    624 562
    576 563
    532 564
    556 565
    536 566
    539 567
    551 568
    491 569
    557 570
    527 571
    510 572
    479 573
    481 574
    481 575
    440 576
    477 577
    461 578
    438 579
    433 580
    464 581
    435 582
    427 583
    410 584
    386 585
    418 586
    375 587
    421 588
    367 589
    393 590
    392 591
    395 592
    353 593
    382 594
    365 595
    354 596
    363 597
    358 598
    344 599
    366 600
    318 601
    331 602
    321 603
    324 604
    310 605
    310 606
    321 607
    300 608
    316 609
    318 610
    312 611
    277 612
    309 613
    300 614
    315 615
    317 616
    331 617
    273 618
    284 619
    306 620
    285 621
    275 622
    291 623
    265 624
    267 625
    260 626
    256 627
    261 628
    251 629
    236 630
    254 631
    253 632
    222 633
    237 634
    216 635
    219 636
    188 637
    204 638
    210 639
    196 640
    216 641
    174 642
    209 643
    179 644
    190 645
    204 646
    188 647
    200 648
    169 649
    163 650
    197 651
    183 652
    157 653
    180 654
    179 655
    167 656
    158 657
    173 658
    156 659
    126 660
    159 661
    173 662
    146 663
    144 664
    158 665
    121 666
    148 667
    158 668
    140 669
    130 670
    147 671
    119 672
    128 673
    143 674
    162 675
    141 676
    134 677
    115 678
    112 679
    131 680
    113 681
    157 682
    132 683
    122 684
    118 685
    131 686
    110 687
    100 688
    128 689
    109 690
    122 691
    114 692
    125 693
    111 694
    106 695
    111 696
    107 697
    102 698
     95 699
     86 700
    108 701
     96 702
     82 703
    104 704
     85 705
     74 706
     93 707
     92 708
     91 709
     75 710
     84 711
     67 712
     94 713
     70 714
     75 715
     79 716
     92 717
     87 718
     97 719
     78 720
     65 721
     84 722
     88 723
     73 724
     71 725
     63 726
     70 727
     55 728
     71 729
     77 730
     78 731
     60 732
     72 733
     66 734
     56 735
     51 736
     71 737
     66 738
     62 739
     65 740
     66 741
     58 742
     65 743
     64 744
     55 745
     66 746
     62 747
     56 748
     46 749
     53 750
     56 751
     56 752
     58 753
     42 754
     65 755
     45 756
     52 757
     41 758
     53 759
     53 760
     38 761
     51 762
     38 763
     57 764
     49 765
     46 766
     55 767
     42 768
     48 769
     44 770
     42 771
     48 772
     49 773
     41 774
     39 775
     49 776
     39 777
     44 778
     44 779
     30 780
     25 781
     36 782
     34 783
     35 784
     36 785
     34 786
     33 787
     47 788
     31 789
     29 790
     36 791
     34 792
     32 793
     33 794
     27 795
     27 796
     26 797
     36 798
     27 799
     28 800
     28 801
     40 802
     33 803
     29 804
     25 805
     25 806
     19 807
     26 808
     25 809
     22 810
     22 811
     19 812
     21 813
     26 814
     35 815
     30 816
     27 817
     20 818
     23 819
     30 820
     32 821
     26 822
     29 823
     23 824
     17 825
     24 826
     26 827
     18 828
     16 829
     33 830
     29 831
     15 832
     18 833
     19 834
     26 835
     22 836
     16 837
     18 838
     21 839
     22 840
     19 841
     17 842
     21 843
     14 844
     30 845
     18 846
     20 847
     22 848
     14 849
     17 850
     24 851
     16 852
     23 853
     15 854
     17 855
     17 856
     14 857
     15 858
     15 859
     17 860
     22 861
     17 862
     14 863
     13 864
     25 865
     13 866
     21 867
     10 868
     12 869
     10 870
     15 871
     13 872
     10 873
     14 874
     11 875
      9 876
     10 877
     15 878
     13 879
     13 880
     10 881
     13 882
     19 883
     17 884
     16 885
     16 886
     10 887
     13 888
      7 889
     11 890
     14 891
     13 892
     11 893
     12 894
     19 895
     13 896
      6 897
      8 898
     14 899
      9 900
     12 901
      8 902
      5 903
     16 904
     10 905
      8 906
      9 907
     12 908
      7 909
     19 910
      9 911
     10 912
      7 913
     11 914
      6 915
      5 916
     12 917
     13 918
      8 919
     10 920
      9 921
      3 922
      9 923
      8 924
     19 925
     10 926
      6 927
      8 928
      9 929
      6 930
      7 931
     11 932
      8 933
     12 934
      4 935
      6 936
      5 937
     12 938
     12 939
      7 940
     14 941
      8 942
     11 943
      7 944
      2 945
      5 946
      7 947
      7 948
      6 949
     15 950
      9 951
      7 952
      8 953
      4 954
      7 955
     13 956
      4 957
      6 958
     10 959
      8 960
      5 961
     15 962
      9 963
      6 964
      8 965
      8 966
      6 967
      8 968
      8 969
      6 970
      5 971
      4 972
      7 973
      3 974
     10 975
      7 976
     10 977
      5 978
      6 979
      6 980
      2 981
      9 982
      9 983
      5 984
      7 985
      8 986
      8 987
      7 988
      8 989
      4 990
     10 991
      3 992
      5 993
     10 994
      3 995
      8 996
      8 997
      3 998
      2 999
      6 1000
      3 1001
      4 1002
      6 1003
      5 1004
      9 1005
     11 1006
      7 1007
     10 1008
      5 1009
      6 1010
      5 1011
      6 1012
      8 1013
      4 1014
      5 1015
      5 1016
      5 1017
      4 1018
      4 1019
      3 1020
      3 1021
      8 1022
     11 1023
      4 1024
      6 1025
      7 1026
      7 1027
      5 1028
      4 1029
      7 1030
      7 1031
      1 1032
      4 1033
      4 1034
      4 1035
      5 1036
      4 1037
      5 1038
      4 1039
      5 1040
      4 1041
      6 1042
      6 1043
      6 1044
      5 1045
      5 1046
      5 1047
      6 1048
      3 1049
      6 1050
      3 1051
      6 1052
      5 1053
      3 1054
      6 1055
      6 1056
      7 1057
      7 1058
      5 1059
      4 1060
      2 1061
      4 1062
      4 1063
      1 1064
      7 1065
      3 1066
      8 1067
      6 1068
      6 1069
      5 1070
      2 1071
      1 1072
      6 1073
      6 1074
      5 1075
      5 1076
      3 1077
      5 1078
      5 1079
      4 1080
      5 1081
      2 1082
      5 1084
      7 1085
      2 1086
      4 1087
      5 1088
      2 1089
      3 1090
      2 1091
      6 1092
      6 1093
      6 1094
      5 1095
      5 1096
      5 1097
      6 1098
      6 1099
      6 1100
      3 1102
      5 1103
      7 1104
      3 1105
      2 1106
      4 1107
      7 1108
      2 1109
      2 1110
      2 1111
      5 1112
      1 1113
     10 1114
      6 1115
      3 1116
      6 1117
      3 1118
      2 1119
      3 1120
      3 1121
      2 1122
      7 1123
      1 1124
      6 1125
      3 1126
      9 1127
      4 1128
      3 1129
      7 1130
      4 1131
      4 1132
      3 1133
      5 1134
      4 1135
      4 1136
      6 1137
      3 1138
      5 1139
      4 1140
      5 1141
      6 1142
      6 1143
      6 1144
      5 1145
      2 1146
      3 1147
      5 1148
      5 1149
      3 1150
      5 1151
      4 1152
      5 1153
      4 1154
      6 1155
      3 1156
      4 1157
      7 1158
      2 1159
      7 1160
      2 1161
      6 1162
      3 1163
      6 1164
      3 1165
      6 1166
      2 1167
      1 1168
      4 1169
      6 1170
      2 1171
      4 1172
      6 1173
      7 1174
      4 1175
      1 1176
      3 1177
      1 1178
      3 1179
      6 1180
      4 1181
      2 1182
      4 1183
      4 1184
      6 1185
      3 1186
      3 1187
      3 1188
      5 1189
      7 1190
      4 1191
      4 1192
      2 1193
      4 1194
      2 1195
      4 1197
      2 1198
      5 1199
      3 1200
      6 1201
      3 1202
      2 1203
      6 1204
      4 1205
      5 1206
      3 1207
      5 1208
      5 1209
      2 1210
      3 1211
      4 1212
      4 1213
      7 1214
      4 1215
      9 1216
      4 1217
      5 1218
      4 1219
      4 1221
      4 1222
      7 1223
      7 1224
      3 1225
      3 1226
      4 1227
      2 1228
      3 1229
      2 1230
      7 1231
      3 1232
      2 1233
      4 1234
      2 1235
      4 1236
      2 1237
      2 1238
      2 1239
      2 1240
      2 1241
      4 1242
      6 1243
      6 1244
      5 1245
      4 1246
      4 1247
      3 1248
      4 1249
      3 1250
      5 1251
      2 1252
      4 1253
      4 1254
      4 1255
      6 1256
      3 1257
      6 1258
      3 1259
      5 1260
      5 1261
      1 1262
      2 1263
      4 1264
      3 1265
      4 1266
      9 1267
      3 1268
      2 1269
      5 1270
      1 1271
      5 1272
      4 1273
      6 1274
      6 1275
      2 1276
      2 1277
      8 1278
      1 1279
      3 1280
      4 1281
      2 1282
      2 1283
      4 1284
      5 1285
      3 1286
      1 1287
      4 1288
      5 1289
      2 1290
      4 1291
      1 1292
      6 1293
      5 1294
      3 1295
      9 1296
      4 1297
      7 1298
      4 1299
      3 1300
      4 1301
      4 1302
      8 1303
      6 1304
      6 1305
      6 1306
      5 1307
      3 1308
      5 1309
      7 1310
      2 1311
      6 1312
      1 1313
      3 1314
      2 1315
      4 1316
      5 1317
      7 1318
      7 1319
      8 1320
      5 1321
      4 1322
      1 1323
      5 1324
      6 1325
      4 1326
      2 1327
      7 1328
      4 1329
      8 1330
      4 1331
      3 1332
      4 1333
      5 1334
      4 1335
      4 1336
      6 1337
      4 1338
      9 1339
      3 1340
      3 1341
      3 1342
      4 1343
      1 1344
      5 1345
      3 1346
      5 1347
      4 1348
      5 1349
      4 1350
      5 1351
      7 1352
      4 1353
      4 1354
      2 1355
      5 1356
      5 1357
      8 1358
      6 1359
      2 1360
      5 1361
      5 1362
      4 1363
      6 1364
      5 1365
      5 1366
      5 1367
      8 1368
      2 1369
      2 1370
      3 1371
      3 1372
      2 1373
      6 1374
      6 1375
      5 1376
      6 1377
      6 1378
      8 1379
      4 1380
      4 1381
      4 1382
      5 1383
      3 1384
      7 1385
      7 1386
      6 1387
      8 1388
      2 1389
      5 1390
      1 1391
      3 1392
      6 1393
      4 1394
      1 1395
      4 1396
      6 1397
      6 1398
      6 1399
      3 1400
      6 1401
      6 1402
      5 1403
      3 1404
      7 1405
      7 1406
      6 1407
      9 1408
      8 1409
      6 1410
      6 1411
      6 1412
      9 1413
      5 1414
      4 1415
      3 1416
      6 1417
      6 1418
      7 1419
      8 1420
      4 1421
      7 1422
      4 1423
      6 1424
      2 1425
      4 1426
      6 1427
      7 1428
      1 1430
     14 1431
      8 1432
      1 1433
      3 1434
      8 1435
      5 1436
      4 1437
      4 1438
      7 1439
      3 1440
      5 1441
      3 1442
      5 1443
      7 1444
      8 1445
      4 1446
      6 1447
      2 1448
      7 1449
      2 1450
      1 1451
      7 1452
      4 1453
      1 1454
      3 1455
      6 1456
      5 1457
      6 1458
      3 1459
      4 1460
      7 1461
      6 1462
      2 1463
     10 1465
      3 1466
      4 1467
      5 1468
      7 1469
      3 1470
      5 1471
      5 1472
      3 1473
      5 1474
      2 1475
      3 1476
      3 1477
      9 1478
      6 1479
      4 1480
      5 1481
      2 1482
      4 1483
      5 1484
      4 1485
      4 1486
      2 1487
      2 1488
      8 1489
      5 1490
      5 1491
      3 1492
      1 1493
      5 1494
      7 1495
      3 1496
      3 1497
      1 1498
      6 1499
      2 1500
      3 1501
      5 1502
      1 1504
      2 1505
      2 1506
      3 1507
      4 1508
      1 1509
      2 1510
      4 1511
      5 1512
      1 1513
      4 1514
      3 1515
      4 1516
      2 1517
      4 1518
      9 1519
      3 1520
      1 1521
      3 1522
      6 1523
      6 1524
      4 1526
      4 1527
      9 1528
      5 1529
      3 1530
      3 1532
      5 1533
      3 1534
      3 1535
      7 1536
      5 1537
      1 1538
      4 1539
      2 1540
      4 1541
      3 1542
      6 1543
      1 1544
      5 1545
      3 1546
      5 1547
      2 1548
      3 1549
      5 1550
      3 1551
      4 1553
      7 1554
      4 1555
      1 1556
      2 1557
      4 1558
      2 1560
      2 1561
      1 1563
      2 1564
      1 1565
      3 1566
      1 1567
      1 1568
      3 1569
      3 1570
      2 1571
      2 1572
      3 1573
      2 1574
      3 1575
      1 1576
      1 1577
      1 1578
      3 1579
      1 1580
      1 1581
      2 1583
      3 1585
      4 1586
      1 1588
      2 1589
      2 1591
      1 1592
      1 1593
      1 1594
      1 1596
      1 1597
      3 1598
      4 1599
      3 1602
      1 1603
      4 1604
      3 1606
      3 1608
      3 1609
      1 1610
      3 1611
      2 1612
      1 1614
      2 1615
      1 1616
      2 1617
      1 1618
      1 1619
      3 1621
      2 1624
      1 1625
      3 1626
      3 1627
      3 1628
      1 1629
      1 1632
      1 1633
      1 1634
      1 1635
      2 1636
      2 1637
      3 1639
      2 1641
      2 1644
      1 1646
      1 1647
      1 1648
      1 1649
      2 1650
      1 1651
      3 1655
      2 1661
      1 1664
      4 1667
      1 1669
      1 1672
      2 1674
      1 1677
      1 1679
      1 1681
      1 1682
      1 1687
      1 1688
      1 1691
      1 1697
      1 1698
      1 1699
      1 1700
      1 1705
      1 1710
      1 1713
      1 1718
      2 1720
      1 1723
      1 1724
      1 1726
      1 1730
      1 1731
      2 1732
      1 1737
      1 1738
      1 1743
      2 1747
      1 1748
      1 1756
      1 1757
      1 1760
      1 1765
      1 1767
      1 1769
      2 1779
      1 1781
      1 1783
      1 1794
      1 1795
      1 1798
      1 1814
      1 1817
      2 1821
      1 1823
      1 1825
      1 1840
      1 1841
      1 1846
      1 1850
      1 1870
      1 1890
      1 1962
      1 1967
      1 1996
      1 1997
      1 2023
      1 2070
      1 2121
      1 2152
      1 2155
      1 2172
      1 2267
      1 2269
      1 2276
      1 2277
      1 2282
      1 2333
      1 2452
      1 2481
      1 2535
      1 2579
      1 2581
      1 2615
      1 2622
      1 2671
      1 2715
      1 3063
      1 3337
      1 4160
      1 4658
      1 6569
      1 8171
      1 24073
---AAD-PGBENCH-LAG-US---
   7678 0
   7253 1
   6334 2
   6149 3
   6098 4
   5941 5
   5646 6
   5409 7
   5488 8
   5283 9
   5416 10
   5260 11
   5293 12
   5213 13
   5174 14
   5211 15
   5252 16
   5281 17
   5243 18
   5224 19
   5326 20
   5269 21
   5368 22
   5353 23
   5362 24
   5378 25
   5204 26
   5404 27
   5371 28
   5447 29
   5354 30
   5215 31
   5380 32
   5486 33
   5203 34
   5376 35
   5244 36
   5221 37
   5108 38
   5362 39
   5380 40
   5322 41
   5174 42
   5116 43
   5303 44
   5132 45
   5047 46
   5124 47
   5240 48
   5014 49
   5062 50
   4710 51
   4462 52
   4210 53
   4470 54
  14375 55
  18843 56
  10461 57
   9010 58
   8404 59
   8254 60
  10410 61
  21812 62
  41963 63
  72638 64
  39199 65
  17735 66
  14531 67
  13364 68
  14585 69
  16574 70
  14941 71
  14943 72
  10173 73
   6645 74
   5625 75
   5012 76
   4486 77
   4388 78
   3998 79
   3356 80
   2831 81
   2514 82
   2323 83
   2083 84
   2019 85
   1911 86
   1837 87
   1717 88
   1606 89
   1571 90
   1516 91
   1498 92
   1496 93
   1432 94
   1515 95
   1460 96
   1394 97
   1356 98
   1378 99
   1483 100
   1404 101
   1491 102
   1411 103
   1454 104
   1404 105
   1336 106
   1402 107
   1416 108
   1362 109
   1320 110
   1327 111
   1293 112
   1345 113
   1366 114
   1333 115
   1307 116
   1246 117
   1350 118
   1334 119
   1373 120
   1355 121
   1352 122
   1280 123
   1328 124
   1295 125
   1285 126
   1302 127
   1292 128
   1305 129
   1302 130
   1314 131
   1285 132
   1299 133
   1308 134
   1330 135
   1256 136
   1274 137
   1276 138
   1244 139
   1268 140
   1359 141
   1285 142
   1248 143
   1263 144
   1267 145
   1321 146
   1215 147
   1287 148
   1230 149
   1298 150
   1263 151
   1276 152
   1214 153
   1234 154
   1227 155
   1288 156
   1251 157
   1190 158
   1211 159
   1193 160
   1183 161
   1143 162
   1197 163
   1183 164
   1186 165
   1146 166
   1215 167
   1188 168
   1128 169
   1084 170
   1128 171
   1179 172
   1142 173
   1100 174
   1112 175
   1071 176
   1166 177
   1108 178
   1113 179
   1120 180
   1117 181
   1178 182
   1158 183
   1122 184
   1138 185
   1082 186
   1086 187
   1059 188
   1118 189
   1117 190
   1122 191
   1060 192
   1133 193
   1044 194
   1121 195
   1087 196
   1082 197
   1092 198
   1072 199
   1088 200
   1041 201
   1054 202
   1108 203
   1027 204
   1037 205
   1058 206
   1082 207
   1070 208
   1019 209
   1067 210
   1019 211
   1002 212
   1007 213
   1023 214
   1052 215
    990 216
   1024 217
    942 218
    957 219
   1015 220
    917 221
    957 222
    970 223
    936 224
    963 225
    952 226
   1029 227
    945 228
    874 229
    931 230
    932 231
    926 232
    923 233
    888 234
    860 235
    880 236
    887 237
    872 238
    885 239
    906 240
    843 241
    811 242
    838 243
    920 244
    822 245
    849 246
    868 247
    846 248
    859 249
    857 250
    800 251
    821 252
    800 253
    796 254
    780 255
    818 256
    810 257
    821 258
    779 259
    743 260
    762 261
    746 262
    727 263
    749 264
    734 265
    772 266
    748 267
    774 268
    703 269
    728 270
    663 271
    799 272
    716 273
    730 274
    717 275
    725 276
    735 277
    653 278
    683 279
    679 280
    667 281
    695 282
    681 283
    670 284
    691 285
    675 286
    593 287
    613 288
    655 289
    699 290
    632 291
    600 292
    642 293
    669 294
    581 295
    623 296
    628 297
    581 298
    643 299
    596 300
    581 301
    586 302
    555 303
    573 304
    534 305
    575 306
    609 307
    562 308
    568 309
    508 310
    584 311
    574 312
    587 313
    594 314
    502 315
    541 316
    528 317
    524 318
    511 319
    515 320
    511 321
    532 322
    467 323
    495 324
    510 325
    489 326
    503 327
    496 328
    520 329
    477 330
    500 331
    470 332
    475 333
    477 334
    443 335
    455 336
    481 337
    463 338
    457 339
    471 340
    444 341
    423 342
    466 343
    433 344
    412 345
    428 346
    429 347
    412 348
    423 349
    389 350
    392 351
    419 352
    390 353
    367 354
    379 355
    402 356
    408 357
    412 358
    394 359
    400 360
    386 361
    352 362
    388 363
    383 364
    405 365
    348 366
    374 367
    343 368
    402 369
    369 370
    387 371
    350 372
    371 373
    370 374
    358 375
    360 376
    350 377
    355 378
    293 379
    336 380
    346 381
    328 382
    315 383
    308 384
    357 385
    293 386
    335 387
    320 388
    331 389
    314 390
    305 391
    314 392
    314 393
    328 394
    327 395
    329 396
    262 397
    320 398
    285 399
    248 400
    287 401
    289 402
    332 403
    278 404
    285 405
    260 406
    265 407
    304 408
    290 409
    281 410
    264 411
    295 412
    271 413
    275 414
    268 415
    260 416
    280 417
    267 418
    244 419
    245 420
    236 421
    252 422
    228 423
    273 424
    263 425
    226 426
    246 427
    218 428
    230 429
    280 430
    231 431
    230 432
    251 433
    251 434
    249 435
    212 436
    250 437
    273 438
    244 439
    241 440
    243 441
    260 442
    202 443
    236 444
    230 445
    232 446
    205 447
    207 448
    221 449
    257 450
    196 451
    233 452
    217 453
    215 454
    225 455
    233 456
    212 457
    198 458
    212 459
    205 460
    243 461
    205 462
    225 463
    221 464
    186 465
    216 466
    198 467
    221 468
    173 469
    200 470
    218 471
    225 472
    191 473
    201 474
    203 475
    180 476
    178 477
    171 478
    185 479
    193 480
    196 481
    196 482
    191 483
    181 484
    203 485
    176 486
    183 487
    159 488
    171 489
    165 490
    176 491
    155 492
    193 493
    144 494
    188 495
    182 496
    165 497
    160 498
    172 499
    162 500
    183 501
    156 502
    170 503
    173 504
    155 505
    188 506
    158 507
    161 508
    164 509
    156 510
    120 511
    141 512
    159 513
    141 514
    165 515
    139 516
    142 517
    145 518
    171 519
    162 520
    153 521
    165 522
    158 523
    134 524
    144 525
    148 526
    139 527
    152 528
    133 529
    155 530
    141 531
    119 532
    139 533
    137 534
    142 535
    132 536
    142 537
    152 538
    153 539
    114 540
    142 541
    130 542
    123 543
    130 544
    138 545
    134 546
    131 547
    135 548
    114 549
    143 550
    139 551
    135 552
    136 553
    132 554
    135 555
    112 556
    111 557
    131 558
    135 559
    119 560
    124 561
    116 562
    138 563
    113 564
    136 565
    117 566
    108 567
    116 568
    125 569
    108 570
    120 571
    120 572
    105 573
    101 574
    107 575
     97 576
     96 577
    113 578
    109 579
    117 580
    114 581
    113 582
     92 583
    137 584
    122 585
    114 586
    101 587
    128 588
    112 589
    107 590
    118 591
    128 592
    101 593
     96 594
    118 595
     91 596
    106 597
     93 598
     91 599
     97 600
    106 601
    100 602
    101 603
     93 604
    106 605
    100 606
    114 607
     89 608
    109 609
     92 610
    111 611
     96 612
     98 613
    110 614
    112 615
     94 616
     98 617
     80 618
    102 619
    114 620
     90 621
    103 622
     96 623
     81 624
     97 625
     89 626
     81 627
     92 628
     97 629
    103 630
     98 631
     98 632
     72 633
     81 634
     85 635
     72 636
     91 637
     89 638
     82 639
     76 640
     93 641
    100 642
     80 643
     91 644
     85 645
     85 646
     75 647
     76 648
     83 649
     77 650
     70 651
     83 652
     87 653
    103 654
     81 655
     69 656
     89 657
     64 658
     80 659
    102 660
     76 661
     70 662
     66 663
     69 664
     64 665
     66 666
     81 667
     81 668
     79 669
     84 670
     85 671
     78 672
     83 673
     74 674
     69 675
     76 676
     72 677
     74 678
     81 679
     77 680
     79 681
     72 682
     77 683
     74 684
     73 685
     80 686
     68 687
     61 688
     75 689
     68 690
     67 691
     68 692
     51 693
     68 694
     79 695
     67 696
     79 697
     76 698
     83 699
     65 700
     73 701
     60 702
     64 703
     68 704
     68 705
     67 706
     63 707
     69 708
     62 709
     71 710
     66 711
     56 712
     54 713
     40 714
     71 715
     56 716
     57 717
     64 718
     62 719
     76 720
     69 721
     71 722
     64 723
     62 724
     62 725
     54 726
     65 727
     55 728
     51 729
     62 730
     48 731
     63 732
     59 733
     68 734
     54 735
     62 736
     68 737
     45 738
     66 739
     57 740
     61 741
     61 742
     60 743
     53 744
     51 745
     56 746
     58 747
     68 748
     63 749
     46 750
     55 751
     53 752
     55 753
     39 754
     66 755
     51 756
     60 757
     54 758
     64 759
     42 760
     53 761
     67 762
     55 763
     52 764
     61 765
     52 766
     55 767
     61 768
     52 769
     63 770
     56 771
     49 772
     48 773
     45 774
     59 775
     50 776
     53 777
     49 778
     46 779
     45 780
     52 781
     47 782
     53 783
     56 784
     53 785
     40 786
     59 787
     51 788
     58 789
     51 790
     40 791
     48 792
     48 793
     55 794
     41 795
     42 796
     40 797
     46 798
     41 799
     57 800
     51 801
     45 802
     55 803
     58 804
     60 805
     45 806
     67 807
     49 808
     39 809
     36 810
     59 811
     49 812
     42 813
     45 814
     36 815
     39 816
     44 817
     44 818
     52 819
     35 820
     43 821
     43 822
     36 823
     41 824
     49 825
     48 826
     39 827
     47 828
     52 829
     50 830
     54 831
     41 832
     43 833
     59 834
     48 835
     52 836
     42 837
     49 838
     35 839
     45 840
     51 841
     39 842
     45 843
     38 844
     48 845
     41 846
     48 847
     35 848
     38 849
     29 850
     43 851
     43 852
     29 853
     34 854
     32 855
     40 856
     45 857
     47 858
     48 859
     40 860
     44 861
     45 862
     52 863
     33 864
     31 865
     34 866
     29 867
     29 868
     44 869
     35 870
     36 871
     46 872
     44 873
     33 874
     36 875
     33 876
     50 877
     38 878
     43 879
     31 880
     41 881
     39 882
     38 883
     25 884
     41 885
     35 886
     35 887
     34 888
     35 889
     26 890
     38 891
     41 892
     28 893
     35 894
     37 895
     41 896
     39 897
     42 898
     30 899
     42 900
     32 901
     31 902
     42 903
     42 904
     28 905
     32 906
     35 907
     38 908
     28 909
     31 910
     40 911
     32 912
     44 913
     39 914
     27 915
     26 916
     35 917
     37 918
     34 919
     42 920
     29 921
     25 922
     27 923
     32 924
     36 925
     36 926
     39 927
     40 928
     31 929
     31 930
     24 931
     37 932
     28 933
     42 934
     37 935
     28 936
     33 937
     37 938
     33 939
     34 940
     36 941
     39 942
     27 943
     21 944
     27 945
     24 946
     33 947
     37 948
     31 949
     22 950
     25 951
     28 952
     35 953
     37 954
     29 955
     28 956
     32 957
     34 958
     26 959
     46 960
     32 961
     24 962
     24 963
     33 964
     25 965
     35 966
     22 967
     28 968
     39 969
     36 970
     29 971
     28 972
     30 973
     33 974
     27 975
     34 976
     25 977
     18 978
     26 979
     40 980
     17 981
     30 982
     34 983
     36 984
     22 985
     36 986
     28 987
     24 988
     19 989
     24 990
     34 991
     29 992
     31 993
     22 994
     24 995
     21 996
     30 997
     43 998
     34 999
     16 1000
     19 1001
     31 1002
     19 1003
     27 1004
     26 1005
     32 1006
     27 1007
     24 1008
     34 1009
     31 1010
     33 1011
     22 1012
     25 1013
     28 1014
     34 1015
     42 1016
     22 1017
     27 1018
     24 1019
     28 1020
     27 1021
     24 1022
     27 1023
     14 1024
     32 1025
     23 1026
     23 1027
     24 1028
     25 1029
     18 1030
     20 1031
     31 1032
     31 1033
     29 1034
     28 1035
     26 1036
     25 1037
     27 1038
     25 1039
     31 1040
     23 1041
     23 1042
     27 1043
     24 1044
     27 1045
     30 1046
     28 1047
     28 1048
     25 1049
     24 1050
     29 1051
     19 1052
     20 1053
     17 1054
     25 1055
     24 1056
     16 1057
     33 1058
     17 1059
     26 1060
     22 1061
     25 1062
     32 1063
     19 1064
     16 1065
     25 1066
     26 1067
     24 1068
     24 1069
     27 1070
     27 1071
     26 1072
     20 1073
     23 1074
     26 1075
     15 1076
     22 1077
     26 1078
     13 1079
     20 1080
     22 1081
     28 1082
     24 1083
     27 1084
     23 1085
     21 1086
     20 1087
     26 1088
     16 1089
     26 1090
     19 1091
     23 1092
     21 1093
     15 1094
     26 1095
     31 1096
     21 1097
     28 1098
     26 1099
     22 1100
     23 1101
     11 1102
     19 1103
     26 1104
     27 1105
     23 1106
     32 1107
     20 1108
     26 1109
     26 1110
     28 1111
     34 1112
     18 1113
     18 1114
     25 1115
     18 1116
     31 1117
     12 1118
     18 1119
     18 1120
     19 1121
     19 1122
     22 1123
     20 1124
     21 1125
     20 1126
     20 1127
     18 1128
     18 1129
     24 1130
     22 1131
     26 1132
     23 1133
     19 1134
     33 1135
     27 1136
     26 1137
     17 1138
     23 1139
     20 1140
     13 1141
     22 1142
     24 1143
     26 1144
     24 1145
     18 1146
     23 1147
     20 1148
     15 1149
     20 1150
     11 1151
     17 1152
     17 1153
     26 1154
     27 1155
     20 1156
     20 1157
     20 1158
     17 1159
     20 1160
     19 1161
      9 1162
     16 1163
     19 1164
      9 1165
     19 1166
     20 1167
     23 1168
     16 1169
     21 1170
     15 1171
     24 1172
     16 1173
     15 1174
     26 1175
     21 1176
     17 1177
     17 1178
     19 1179
     14 1180
     16 1181
     16 1182
     23 1183
     26 1184
     22 1185
     19 1186
     20 1187
     17 1188
     14 1189
     16 1190
     14 1191
     19 1192
     17 1193
     15 1194
     17 1195
     15 1196
     17 1197
     22 1198
     17 1199
     19 1200
     27 1201
     20 1202
     22 1203
     22 1204
     15 1205
     18 1206
     17 1207
     26 1208
     16 1209
     27 1210
     14 1211
     15 1212
     19 1213
     18 1214
     14 1215
     15 1216
     17 1217
     17 1218
     23 1219
     20 1220
     16 1221
     11 1222
     20 1223
     16 1224
     16 1225
     18 1226
     12 1227
     14 1228
     18 1229
     16 1230
     27 1231
     16 1232
     24 1233
     14 1234
     19 1235
     11 1236
     20 1237
     17 1238
     20 1239
     17 1240
     25 1241
     12 1242
     16 1243
     23 1244
     16 1245
     24 1246
     18 1247
     13 1248
     22 1249
     14 1250
     11 1251
     16 1252
     16 1253
     11 1254
     21 1255
     13 1256
     14 1257
     24 1258
     10 1259
     19 1260
     15 1261
     10 1262
     21 1263
     12 1264
      6 1265
     13 1266
     17 1267
     18 1268
     21 1269
     16 1270
     20 1271
     19 1272
     19 1273
     15 1274
     13 1275
     19 1276
      7 1277
     24 1278
     17 1279
     16 1280
     10 1281
     15 1282
     13 1283
     17 1284
     13 1285
     14 1286
     16 1287
     12 1288
     19 1289
     11 1290
     12 1291
     17 1292
     19 1293
     14 1294
     13 1295
     12 1296
     10 1297
     15 1298
     17 1299
     11 1300
     16 1301
     10 1302
     15 1303
     19 1304
     15 1305
     14 1306
     17 1307
     13 1308
     15 1309
     13 1310
     21 1311
     18 1312
     14 1313
     13 1314
     16 1315
     12 1316
     14 1317
     13 1318
     10 1319
     17 1320
     12 1321
     19 1322
     12 1323
     17 1324
     13 1325
     16 1326
      8 1327
     15 1328
     13 1329
     12 1330
     22 1331
     11 1332
     14 1333
     12 1334
     11 1335
     12 1336
     16 1337
     11 1338
     22 1339
     16 1340
     16 1341
     14 1342
     15 1343
     14 1344
     18 1345
     13 1346
     11 1347
     15 1348
     16 1349
     20 1350
     25 1351
     13 1352
     13 1353
      9 1354
     16 1355
     15 1356
     16 1357
     14 1358
     18 1359
      7 1360
     16 1361
     10 1362
     12 1363
     20 1364
      8 1365
     14 1366
     17 1367
     15 1368
      6 1369
     14 1370
     16 1371
     14 1372
     10 1373
     10 1374
      6 1375
     12 1376
     13 1377
     15 1378
      8 1379
     14 1380
     15 1381
     12 1382
     14 1383
     19 1384
     11 1385
     14 1386
      4 1387
     12 1388
     13 1389
      7 1390
     14 1391
     15 1392
     11 1393
     16 1394
      9 1395
      5 1396
     11 1397
     15 1398
     13 1399
     15 1400
     13 1401
     15 1402
      6 1403
     14 1404
     13 1405
     16 1406
      7 1407
     14 1408
     13 1409
     13 1410
     11 1411
     15 1412
     11 1413
     12 1414
     13 1415
     10 1416
     12 1417
      5 1418
     12 1419
      8 1420
     15 1421
     10 1422
     17 1423
     11 1424
     11 1425
     16 1426
     19 1427
      6 1428
     17 1429
      5 1430
     13 1431
      8 1432
     11 1433
      9 1434
     10 1435
     15 1436
     14 1437
      7 1438
     10 1439
      9 1440
     13 1441
      9 1442
     10 1443
      9 1444
     13 1445
      9 1446
      5 1447
     13 1448
     12 1449
     12 1450
     14 1451
      9 1452
     12 1453
      6 1454
     17 1455
     12 1456
     11 1457
      9 1458
     13 1459
     15 1460
      3 1461
      5 1462
     13 1463
      7 1464
     15 1465
      9 1466
     13 1467
     16 1468
      8 1469
     12 1470
      6 1471
      9 1472
     16 1473
      9 1474
     14 1475
     12 1476
      8 1477
     10 1478
     14 1479
      8 1480
     10 1481
      5 1482
     12 1483
     22 1484
      7 1485
     14 1486
     13 1487
      8 1488
      9 1489
     11 1490
      8 1491
     11 1492
      4 1493
     11 1494
     12 1495
      8 1496
     11 1497
     11 1498
     15 1499
      9 1500
     11 1501
     13 1502
     14 1503
     11 1504
     11 1505
     13 1506
     12 1507
     10 1508
     15 1509
     14 1510
     15 1511
     10 1512
     12 1513
     16 1514
     13 1515
      5 1516
      8 1517
      9 1518
     13 1519
      8 1520
     12 1521
      8 1522
     12 1523
     10 1524
     11 1525
     14 1526
      8 1527
     13 1528
      7 1529
      8 1530
     10 1531
      9 1532
      5 1533
     14 1534
      5 1535
      7 1536
     13 1537
     13 1538
      6 1539
      7 1540
     14 1541
     10 1542
     10 1543
      4 1544
      7 1545
      7 1546
     11 1547
     13 1548
     12 1549
      8 1550
     11 1551
      9 1552
     14 1553
      7 1554
      5 1555
      9 1556
      6 1557
     10 1558
      6 1559
     11 1560
     11 1561
      5 1562
     14 1563
     10 1564
      9 1565
     11 1566
      6 1567
      5 1568
     14 1569
     10 1570
     15 1571
      8 1572
     13 1573
     10 1574
     16 1575
      6 1576
      8 1577
     10 1578
     13 1579
     16 1580
      8 1581
     11 1582
     11 1583
     15 1584
     14 1585
      8 1586
     11 1587
      8 1588
      6 1589
     11 1590
      8 1591
     10 1592
      8 1593
      9 1594
      7 1595
     10 1596
     10 1597
      9 1598
     11 1599
      8 1600
      7 1601
     10 1602
      8 1603
      6 1604
     12 1605
     11 1606
     10 1607
      4 1608
      6 1609
     15 1610
      8 1611
     12 1612
     11 1613
     17 1614
      9 1615
      7 1616
      9 1617
      7 1618
     11 1619
     13 1620
      8 1621
      7 1622
     10 1623
      6 1624
     13 1625
     13 1626
      9 1627
      5 1628
      5 1629
      9 1630
     14 1631
      7 1632
      9 1633
      8 1634
     16 1635
     10 1636
      5 1637
     12 1638
      8 1639
      7 1640
      9 1641
      7 1642
      6 1643
      7 1644
     10 1645
      6 1646
      7 1647
     12 1648
      7 1649
      2 1650
      6 1651
      8 1652
      9 1653
     10 1654
      9 1655
     12 1656
     11 1657
     14 1658
     14 1659
     13 1660
      9 1661
      9 1662
      8 1663
     10 1664
      8 1665
      5 1666
      6 1667
      7 1668
      8 1669
     14 1670
     16 1671
      7 1672
     10 1673
     11 1674
     10 1675
      5 1676
      7 1677
     11 1678
      4 1679
      9 1680
      5 1681
      6 1682
      3 1683
     10 1684
      8 1685
      9 1686
      7 1687
      6 1688
     10 1689
      8 1690
      6 1691
      6 1692
     12 1693
      8 1694
     10 1695
      9 1696
      6 1697
      9 1698
      4 1699
     11 1700
      5 1701
      4 1702
      9 1703
      8 1704
      4 1705
      7 1706
     13 1707
     10 1708
      8 1709
      2 1710
      8 1711
      7 1712
      7 1713
      9 1714
      6 1715
      6 1716
      8 1717
     10 1718
     10 1719
      6 1720
      4 1721
     12 1722
     10 1723
     15 1724
      3 1725
     15 1726
      7 1727
      7 1728
     12 1729
     10 1730
      7 1731
      7 1732
      8 1733
      7 1734
     11 1735
     15 1736
      5 1737
     14 1738
      6 1739
      4 1740
     16 1741
      9 1742
      7 1743
      7 1744
      5 1745
      7 1746
      8 1747
      7 1748
      6 1749
      8 1750
      7 1751
      8 1752
      5 1753
      6 1754
      7 1755
      8 1756
      7 1757
      8 1758
      8 1759
     12 1760
      8 1761
      7 1762
      7 1763
     12 1764
      4 1765
     10 1766
      6 1767
     10 1768
      7 1769
      6 1770
      4 1771
     13 1772
      2 1773
      8 1774
      6 1775
      8 1776
      7 1777
      2 1778
      8 1779
      6 1780
      5 1781
      5 1782
      5 1783
      5 1784
      3 1785
      7 1786
      5 1787
      5 1788
      4 1789
      9 1790
     11 1791
      7 1792
     10 1793
      8 1794
      4 1795
      5 1796
      4 1797
      2 1798
      9 1799
      4 1800
      7 1801
      7 1802
      4 1803
      6 1804
      5 1805
      8 1806
      7 1807
     10 1808
      7 1809
      4 1810
      7 1811
      7 1812
      6 1813
      6 1814
      5 1815
      7 1816
      6 1817
     14 1818
      9 1819
     10 1820
     12 1821
      6 1822
      5 1823
      5 1824
     11 1825
      4 1826
     12 1827
      5 1828
      7 1829
      7 1830
      8 1831
      5 1832
      6 1833
      7 1834
      8 1835
      9 1836
      8 1837
      8 1838
      5 1839
      5 1840
      7 1841
     11 1842
      3 1843
      5 1844
      4 1845
     10 1846
      6 1847
      6 1848
      6 1849
     10 1850
      5 1851
      7 1852
      9 1853
     13 1854
      8 1855
      5 1856
     11 1857
      4 1858
      5 1859
      6 1860
      7 1861
      6 1862
     13 1863
      3 1864
     11 1865
      3 1866
      7 1867
      5 1868
      3 1869
      7 1870
      3 1871
      8 1872
     11 1873
     12 1874
     10 1875
      2 1876
     13 1877
      5 1878
      3 1879
      5 1880
      9 1881
      7 1882
      6 1883
      3 1884
      8 1885
      3 1886
      5 1887
      6 1888
      4 1889
      4 1890
      4 1891
      6 1892
      3 1893
      3 1894
      5 1895
      6 1896
      6 1897
      6 1898
      5 1899
      5 1900
      5 1901
      7 1902
      3 1903
      9 1904
      7 1905
      5 1906
      5 1907
      6 1908
     10 1909
      7 1910
     15 1911
      3 1912
      4 1913
      9 1914
      6 1915
      4 1916
      6 1917
     10 1918
      1 1919
      8 1920
     10 1921
      8 1922
      6 1923
      5 1924
     13 1925
      6 1926
     12 1927
      4 1928
     10 1929
      7 1930
     10 1931
      7 1932
      7 1933
     11 1934
      5 1935
      3 1936
      9 1937
      4 1938
      4 1939
      5 1940
      1 1941
      5 1942
      8 1943
      7 1944
      3 1945
      3 1946
      1 1947
      8 1948
      6 1949
      7 1950
      6 1951
      8 1952
      6 1953
      9 1954
     12 1955
      5 1956
      4 1957
      2 1958
      6 1959
      6 1960
      3 1961
      4 1962
      6 1963
      7 1964
      7 1965
      9 1966
      6 1967
      1 1968
      4 1969
      4 1970
      8 1971
      7 1972
      7 1973
      5 1974
      5 1975
      7 1976
      5 1977
      5 1978
      5 1979
      7 1980
      3 1981
     10 1982
      4 1983
      3 1984
      3 1986
      3 1987
      6 1988
      4 1989
      9 1990
      4 1991
      7 1992
      8 1993
      2 1994
      3 1996
      4 1997
      2 1998
      1 1999
      6 2000
      2 2001
      6 2002
      5 2003
      4 2004
      4 2005
      6 2006
      3 2007
      4 2008
      5 2009
      9 2010
      8 2011
      6 2012
      4 2013
      6 2014
      6 2015
      6 2016
      2 2017
      7 2018
      5 2019
      3 2020
      6 2021
      3 2022
      6 2023
      7 2024
      6 2025
     10 2026
      8 2027
      4 2028
      9 2029
      7 2030
      5 2031
      4 2032
      6 2033
      2 2034
      5 2035
      2 2036
      8 2037
     10 2038
      6 2039
      5 2040
      5 2041
      8 2042
      4 2043
      4 2044
      1 2045
      6 2046
      5 2047
      1 2048
      8 2049
      7 2050
      4 2051
      7 2052
      8 2053
      6 2054
      5 2055
      5 2056
      7 2057
      8 2058
      5 2060
      5 2061
     10 2062
      5 2063
      4 2064
      4 2065
      4 2066
      8 2067
      4 2068
      3 2069
      1 2070
      4 2071
      4 2072
      3 2073
      8 2074
      4 2075
      6 2076
      8 2077
      1 2078
      7 2079
      3 2080
      3 2081
      4 2082
      5 2083
      6 2084
      3 2085
      4 2086
      3 2087
      5 2088
      4 2089
      4 2090
      6 2091
      4 2092
      2 2093
      4 2094
      8 2095
      5 2096
      3 2097
      2 2099
      3 2100
      1 2101
      6 2102
      7 2103
      2 2104
      5 2105
      5 2106
      5 2107
      6 2108
      8 2109
      1 2110
      5 2111
      3 2112
      2 2113
      5 2114
      2 2115
      3 2116
      7 2117
      3 2118
      8 2119
      3 2120
      7 2121
      4 2122
      5 2123
      5 2124
      5 2125
      5 2126
      6 2127
      5 2128
      3 2129
      7 2130
      3 2131
      5 2132
      7 2133
      1 2134
      4 2135
      4 2136
      4 2137
      6 2139
      8 2140
      2 2141
      3 2142
      5 2143
      5 2144
      2 2145
      6 2146
     12 2147
      7 2148
      7 2149
      1 2150
      5 2151
      6 2152
      3 2153
      7 2154
      4 2155
      2 2156
      5 2158
      6 2159
      3 2160
      4 2161
      2 2162
      6 2163
      3 2164
      6 2165
      4 2166
      4 2167
      6 2168
      3 2169
      5 2170
      2 2171
      2 2172
      7 2173
      2 2174
      6 2175
      5 2176
      4 2177
      3 2178
      6 2179
      5 2180
      5 2181
      6 2182
     10 2183
      4 2184
      4 2185
      3 2186
      3 2187
      4 2188
      6 2189
      1 2190
      5 2191
      3 2192
      5 2193
      3 2194
      1 2195
      6 2196
      1 2197
      2 2198
      5 2199
      5 2200
      6 2201
      6 2202
      7 2203
      4 2204
      6 2205
      2 2206
      5 2207
      2 2208
      6 2209
      3 2210
      4 2211
      2 2212
      4 2213
      3 2214
      3 2215
      5 2216
      8 2217
      5 2218
      5 2219
      3 2220
      7 2221
      3 2222
      4 2223
      4 2224
      6 2225
      6 2226
      1 2227
      5 2228
      4 2229
      4 2230
      5 2231
      6 2232
      7 2233
      6 2234
      4 2235
      6 2236
      2 2237
      2 2238
      4 2239
      5 2240
      6 2241
      2 2242
      3 2243
      2 2244
      2 2245
      8 2246
      4 2247
      6 2248
      1 2249
      3 2250
      3 2251
      2 2252
      4 2253
      5 2254
      2 2255
      2 2256
      5 2257
      3 2258
      5 2259
      6 2260
      6 2261
      3 2262
      1 2263
      4 2264
      6 2265
      1 2266
      2 2268
     10 2269
      2 2270
      4 2271
      6 2272
      4 2273
      3 2274
      2 2275
      2 2276
      3 2277
      4 2278
      7 2279
      6 2280
      5 2281
      3 2282
      4 2283
      2 2284
      4 2285
      4 2286
      7 2287
      1 2288
      3 2289
      2 2290
      2 2291
      6 2292
      2 2293
      2 2294
      5 2295
      6 2296
      1 2297
      4 2298
      7 2299
      4 2300
      4 2301
      3 2302
      5 2303
      4 2304
      1 2305
      4 2306
      5 2307
      5 2308
      2 2309
      4 2310
      2 2311
      6 2312
      5 2313
      5 2314
      3 2315
      3 2316
      2 2317
      5 2318
      3 2319
      5 2320
      5 2321
      4 2322
      4 2323
      1 2324
      4 2325
      5 2326
      3 2327
      2 2328
      2 2329
      5 2330
      7 2331
      2 2332
      2 2333
      1 2334
      5 2335
      5 2336
      7 2337
      4 2338
      3 2339
      3 2340
      4 2341
      1 2342
      4 2343
      1 2344
      2 2345
      3 2346
      6 2347
     10 2348
      2 2349
      1 2350
      6 2351
      5 2352
      3 2353
      3 2354
      6 2355
      6 2356
      4 2357
      5 2358
      2 2359
      4 2360
      4 2361
      3 2362
      5 2363
      4 2364
      1 2365
      3 2366
      3 2367
      6 2368
      3 2369
      4 2370
      6 2371
      6 2372
      3 2373
      4 2374
      4 2375
      8 2376
      5 2377
      3 2378
      1 2379
      7 2380
      2 2381
      2 2382
      5 2383
      2 2384
      3 2385
      1 2386
      4 2387
      2 2388
      2 2389
      7 2390
      6 2391
      3 2392
      1 2393
      5 2394
      5 2395
      4 2396
      5 2397
      1 2398
      3 2399
      4 2400
      2 2401
      2 2402
      6 2403
      3 2405
      4 2406
      3 2407
      1 2408
      4 2409
      4 2411
      5 2412
      3 2413
      2 2414
      8 2415
      3 2416
      1 2417
      2 2418
      5 2419
      7 2420
      3 2421
      6 2422
      3 2423
      3 2424
      3 2425
      2 2426
      3 2427
      3 2428
      1 2429
      3 2430
      6 2431
      1 2432
      1 2433
      2 2434
      4 2435
      5 2436
      4 2437
      5 2438
      7 2439
      6 2440
      4 2441
      5 2442
      5 2443
      1 2444
      1 2445
      3 2446
      4 2447
      4 2448
      2 2449
      6 2450
      4 2451
      5 2452
      2 2453
      4 2454
      4 2455
      4 2456
      3 2457
      7 2458
      5 2459
      3 2460
      6 2461
      2 2462
      3 2463
      2 2464
      1 2465
      6 2466
      4 2467
      3 2468
      3 2469
      1 2470
      6 2471
      8 2472
      2 2473
      1 2474
      5 2475
      4 2476
      3 2477
      2 2478
      4 2479
      7 2480
      3 2481
      4 2482
      2 2483
      3 2484
      2 2485
      4 2486
      2 2488
      1 2489
      3 2490
      4 2491
      4 2492
      6 2493
      6 2494
      4 2495
      3 2496
      2 2497
      3 2498
      3 2499
      1 2500
      3 2501
      1 2502
      1 2503
      4 2504
      3 2505
      3 2506
      4 2507
      3 2508
      4 2509
      1 2510
      1 2511
      4 2512
      5 2513
      3 2514
      4 2515
      4 2516
      5 2517
      3 2518
      3 2519
      5 2520
      4 2521
      5 2522
      8 2523
      2 2524
      6 2525
      2 2526
      1 2527
      2 2528
      9 2529
      3 2530
      5 2531
      2 2532
      2 2533
      2 2534
      4 2535
      2 2536
      2 2537
      4 2538
      3 2539
      3 2540
      1 2541
      5 2542
      3 2543
      3 2544
      5 2545
      1 2546
      3 2547
      1 2548
      2 2549
      8 2550
      2 2551
      3 2552
      6 2553
      2 2554
      6 2555
      1 2556
      1 2557
      2 2559
      2 2560
      3 2561
      4 2562
      6 2563
      1 2564
      1 2565
      2 2566
      3 2567
      1 2568
      5 2569
      1 2570
      6 2571
      3 2572
      2 2573
      2 2574
      2 2575
      4 2577
      5 2578
      3 2579
      2 2580
      3 2581
      2 2582
      3 2583
      3 2584
      7 2585
      5 2586
      3 2587
      3 2588
      3 2589
      5 2590
      5 2591
      2 2592
      2 2593
      4 2594
      3 2596
      5 2597
      2 2598
      2 2599
      5 2600
      3 2601
      3 2602
      5 2603
      3 2604
      6 2605
      1 2606
      3 2607
      1 2608
      3 2609
      1 2610
      3 2611
      4 2612
      3 2613
      2 2614
      2 2615
      4 2616
      2 2617
      4 2618
      1 2619
      5 2620
      2 2621
      3 2622
      1 2623
      3 2624
      1 2625
      2 2626
      3 2627
      3 2628
      4 2629
      3 2630
      3 2631
      1 2632
      2 2633
      5 2634
      3 2635
      3 2636
      1 2637
      3 2638
      1 2639
      1 2640
      7 2641
      2 2642
      2 2643
      5 2644
      3 2645
      3 2646
      4 2647
      6 2648
      6 2649
      5 2650
      4 2651
      2 2652
      3 2653
      2 2654
      2 2655
      1 2656
      6 2657
      3 2658
      4 2659
      7 2660
      7 2661
      3 2662
      5 2663
      2 2664
      5 2665
      1 2666
      4 2667
      3 2668
      2 2669
      4 2670
      1 2671
      4 2672
      5 2673
      2 2674
      3 2675
      2 2676
      4 2677
      2 2678
      1 2679
      4 2681
      3 2682
      1 2684
      2 2685
      4 2686
      4 2687
      1 2688
      4 2689
      2 2690
      2 2691
      4 2692
      3 2693
      4 2694
      6 2695
      2 2696
      5 2697
      4 2698
      2 2699
      1 2700
      2 2701
      2 2702
      1 2703
      6 2704
      3 2705
      2 2706
      2 2708
      3 2709
      4 2710
      6 2711
      7 2712
      5 2713
      1 2714
      5 2715
      3 2716
      3 2717
      5 2718
      3 2719
      2 2720
      1 2721
      7 2722
      1 2723
      3 2724
      3 2725
      3 2726
      2 2727
      6 2728
      3 2729
      4 2730
      2 2731
      2 2732
      3 2733
      6 2734
      2 2735
      3 2736
      1 2737
      5 2738
      2 2739
      4 2740
      3 2741
      2 2742
      1 2743
      1 2744
      5 2745
      5 2746
      3 2747
      1 2748
      3 2749
      1 2750
      3 2751
      1 2752
      6 2753
      6 2754
      4 2755
      4 2756
      5 2757
      3 2758
      7 2759
      2 2760
      2 2761
      2 2762
      4 2763
      5 2764
      1 2765
      3 2766
      1 2767
      3 2768
      4 2769
      4 2770
      4 2771
      3 2772
      2 2773
      4 2774
      3 2775
      6 2777
      2 2778
      5 2779
      3 2780
      4 2781
      3 2782
      5 2783
      2 2784
      1 2785
      3 2786
      3 2787
      4 2788
      5 2789
      2 2790
      2 2791
      4 2792
      1 2793
      1 2794
      5 2795
      5 2797
      3 2798
      7 2799
      2 2800
      3 2802
      2 2803
      3 2804
      6 2806
      3 2807
      2 2808
      3 2810
      1 2811
      2 2812
      4 2813
      2 2814
      2 2815
      2 2816
      2 2817
      1 2818
      2 2819
      1 2820
      4 2821
      2 2822
      2 2823
      3 2824
      3 2825
      5 2826
      4 2827
      3 2828
      3 2829
      4 2830
      1 2831
      1 2832
      2 2833
      2 2834
      2 2836
      3 2837
      2 2838
      3 2839
      1 2840
      2 2841
      1 2842
      5 2843
      3 2844
      1 2845
      1 2846
      3 2847
      2 2848
      2 2849
      3 2851
      3 2852
      4 2853
      2 2854
      4 2855
      1 2856
      3 2857
      2 2858
      4 2859
      2 2860
      1 2861
      3 2862
      1 2864
      1 2866
      3 2867
      2 2868
      4 2871
      2 2872
      3 2873
      3 2874
      4 2875
      2 2876
      3 2877
      2 2878
      1 2879
      2 2881
      4 2882
      5 2883
      1 2884
      2 2885
      5 2886
      1 2887
      2 2888
      5 2889
      3 2890
      2 2891
      4 2892
      7 2893
      1 2894
      2 2895
      5 2896
      2 2897
      3 2898
      4 2899
      1 2900
      2 2901
      3 2902
      3 2903
      3 2904
      3 2906
      2 2907
      7 2908
      4 2909
      5 2910
      1 2911
      3 2912
      1 2913
      3 2914
      2 2915
      3 2916
      1 2917
      2 2918
      3 2919
      5 2920
      2 2921
      2 2922
      1 2923
      7 2924
      3 2925
      8 2926
      4 2927
      2 2928
      2 2930
      4 2931
      3 2932
      3 2933
      4 2934
      2 2935
      1 2936
     10 2937
      6 2938
      2 2939
      3 2940
      2 2941
      1 2942
      4 2943
      4 2944
      7 2945
      1 2946
      4 2947
      6 2948
      3 2950
      7 2951
      1 2952
      1 2953
      2 2954
      2 2955
      2 2956
      2 2957
      2 2958
      4 2959
      4 2960
      3 2961
      1 2962
      4 2963
      1 2964
      1 2965
      3 2966
      5 2967
      2 2968
      3 2969
      9 2970
      3 2971
      3 2973
      6 2974
      3 2976
      3 2977
      1 2978
      1 2979
      2 2980
      2 2981
      1 2982
      1 2983
      1 2985
      3 2986
      3 2987
      2 2988
      1 2989
      2 2990
      4 2991
      1 2992
      2 2993
      2 2994
      3 2995
      2 2996
      4 2997
      1 2998
      1 2999
      4 3001
      6 3003
      5 3004
      3 3005
      4 3006
      4 3008
      3 3009
      4 3010
      2 3011
      4 3012
      4 3013
      5 3014
      4 3015
      3 3016
      3 3017
      2 3018
      2 3019
      3 3020
      2 3021
      2 3022
      2 3023
      4 3024
      4 3025
      1 3026
      3 3027
      2 3028
      3 3029
      1 3030
      2 3031
      5 3032
      3 3033
      4 3034
      3 3035
      2 3036
      2 3037
      1 3038
      3 3039
      4 3040
      3 3041
      4 3042
      4 3044
      2 3045
      1 3046
      6 3047
      4 3048
      2 3049
      2 3050
      1 3051
      2 3052
      1 3053
      3 3054
      3 3055
      2 3056
      4 3057
      3 3058
      2 3059
      1 3060
      1 3061
      2 3062
      5 3063
      4 3064
      3 3065
      1 3068
      1 3069
      3 3070
      1 3071
      3 3072
      3 3073
      7 3074
      1 3075
      4 3077
      2 3078
      5 3079
      2 3080
      4 3081
      4 3082
      2 3083
      1 3085
      4 3086
      3 3087
      3 3088
      1 3091
      3 3092
      1 3093
      3 3094
      3 3095
      7 3097
      2 3098
      4 3099
      4 3100
      3 3101
      5 3102
      3 3103
      2 3104
      6 3105
      3 3106
      2 3108
      2 3109
      1 3110
      3 3111
      4 3112
      3 3113
      3 3114
      3 3115
      3 3116
      3 3117
      1 3118
      2 3119
      1 3120
      3 3121
      4 3122
      2 3123
      2 3124
      1 3125
      4 3126
      2 3127
      4 3128
      1 3129
      2 3131
      2 3132
      2 3133
      1 3134
      3 3135
      4 3136
      3 3137
      1 3138
      2 3139
      5 3140
      3 3143
      4 3144
      1 3145
      1 3147
      1 3148
      2 3149
      1 3150
      3 3151
      2 3153
      1 3154
      2 3155
      2 3156
      1 3158
      2 3159
      3 3160
      1 3161
      5 3162
      2 3164
      3 3165
      4 3166
      2 3167
      4 3168
      3 3169
      2 3170
      1 3171
      2 3172
      4 3173
      2 3174
      2 3176
      1 3177
      3 3178
      4 3179
      2 3180
      2 3181
      1 3182
      3 3183
      2 3185
      2 3186
      2 3187
      1 3188
      3 3189
      3 3190
      2 3192
      3 3193
      1 3194
      2 3195
      1 3196
      1 3197
      4 3198
      5 3199
      2 3200
      3 3201
      2 3202
      4 3203
      3 3204
      4 3205
      3 3206
      1 3208
      2 3209
      1 3210
      5 3211
      2 3212
      5 3213
      1 3214
      3 3215
      1 3216
      4 3217
      3 3218
      4 3219
      2 3220
      2 3221
      3 3222
      3 3223
      5 3224
      1 3226
      2 3227
      2 3228
      3 3229
      4 3230
      1 3231
      1 3232
      2 3233
      2 3234
      2 3235
      1 3236
      1 3237
      1 3238
      2 3239
      4 3240
      5 3241
      2 3244
      2 3245
      3 3247
      5 3248
      1 3249
      3 3250
      2 3251
      1 3253
      2 3254
      3 3255
      3 3256
      1 3257
      1 3258
      3 3259
      1 3260
      1 3263
      3 3264
      4 3265
      2 3266
      3 3267
      5 3269
      3 3270
      1 3271
      2 3272
      2 3273
      4 3274
      1 3275
      1 3276
      2 3277
      1 3278
      3 3279
      3 3280
      2 3281
      2 3282
      3 3283
      4 3284
      2 3285
      1 3286
      2 3287
      1 3290
      1 3291
      4 3292
      2 3293
      3 3294
      4 3295
      3 3298
      4 3300
      1 3301
      1 3302
      2 3304
      2 3305
      4 3306
      4 3307
      2 3309
      1 3310
      3 3311
      3 3313
      3 3314
      1 3315
      1 3316
      6 3317
      1 3318
      3 3319
      3 3320
      2 3322
      2 3323
      1 3325
      3 3326
      1 3327
      1 3328
      1 3329
      2 3330
      2 3331
      2 3332
      1 3333
      1 3334
      4 3335
      2 3336
      2 3337
      2 3338
      1 3339
      6 3340
      3 3342
      2 3343
      1 3344
      2 3345
      1 3347
      4 3348
      1 3349
      1 3351
      2 3352
      2 3354
      2 3355
      1 3356
      2 3357
      1 3358
      1 3359
      1 3360
      6 3362
      1 3363
      2 3365
      2 3366
      3 3367
      1 3368
      1 3369
      3 3370
      1 3371
      1 3372
      1 3373
      2 3374
      2 3375
      1 3376
      2 3377
      2 3379
      3 3380
      2 3381
      1 3382
      1 3383
      5 3384
      2 3385
      2 3386
      1 3387
      1 3388
      3 3389
      3 3390
      1 3391
      2 3392
      2 3393
      1 3394
      1 3395
      1 3396
      1 3397
      5 3400
      2 3401
      2 3402
      1 3403
      4 3404
      1 3405
      1 3406
      3 3407
      3 3408
      3 3409
      2 3410
      3 3411
      1 3412
      2 3413
      1 3414
      1 3415
      5 3416
      4 3417
      4 3418
      1 3420
      1 3421
      1 3422
      2 3424
      3 3426
      2 3427
      2 3429
      1 3430
      1 3431
      3 3432
      2 3433
      1 3434
      1 3435
      1 3437
      3 3438
      2 3439
      1 3440
      1 3441
      1 3442
      3 3443
      3 3446
      3 3448
      1 3449
      2 3450
      1 3451
      1 3452
      2 3453
      4 3454
      2 3456
      1 3457
      1 3458
      2 3459
      1 3461
      1 3464
      3 3465
      2 3467
      2 3468
      2 3469
      2 3470
      4 3471
      1 3472
      1 3473
      1 3474
      3 3475
      2 3476
      3 3477
      1 3478
      3 3479
      5 3480
      1 3481
      1 3482
      4 3483
      2 3484
      2 3485
      1 3486
      2 3487
      3 3488
      3 3490
      4 3491
      2 3492
      2 3493
      4 3494
      1 3496
      1 3497
      2 3498
      3 3500
      3 3501
      1 3502
      5 3503
      4 3504
      1 3505
      4 3506
      1 3507
      3 3508
      3 3509
      2 3512
      4 3513
      2 3514
      4 3515
      4 3516
      3 3517
      2 3518
      3 3519
      3 3520
      2 3521
      1 3522
      3 3523
      1 3524
      2 3526
      1 3527
      1 3528
      3 3529
      3 3530
      3 3531
      5 3532
      1 3533
      2 3534
      2 3536
      1 3537
      6 3539
      5 3541
      3 3542
      1 3544
      2 3545
      2 3546
      3 3547
      3 3548
      2 3549
      3 3550
      1 3551
      4 3552
      3 3553
      5 3554
      1 3556
      3 3557
      3 3558
      2 3559
      2 3560
      2 3561
      3 3562
      1 3563
      1 3565
      2 3566
      1 3568
      4 3570
      2 3571
      3 3572
      1 3573
      1 3574
      4 3575
      1 3576
      3 3578
      1 3579
      1 3581
      1 3583
      2 3584
      2 3585
      7 3586
      1 3587
      3 3588
      2 3589
      2 3590
      2 3592
      2 3593
      3 3594
      3 3595
      1 3596
      5 3597
      5 3598
      1 3599
      1 3600
      2 3601
      2 3602
      3 3603
      3 3604
      2 3605
      2 3606
      3 3607
      3 3608
      2 3609
      1 3610
      1 3611
      1 3612
      2 3613
      3 3614
      3 3615
      1 3616
      3 3617
      2 3618
      5 3619
      4 3621
      4 3622
      2 3623
      2 3624
      4 3625
      2 3627
      2 3628
      2 3629
      3 3630
      3 3631
      1 3632
      3 3633
      1 3634
      1 3636
      2 3637
      1 3638
      1 3639
      2 3640
      1 3641
      2 3642
      3 3643
      2 3644
      3 3645
      1 3646
      2 3647
      2 3648
      1 3649
      2 3650
      1 3651
      3 3652
      2 3653
      1 3654
      2 3655
      2 3658
      2 3659
      3 3660
      2 3661
      3 3663
      1 3664
      1 3665
      1 3666
      3 3668
      3 3670
      3 3671
      5 3672
      3 3673
      2 3674
      1 3675
      2 3677
      2 3678
      1 3680
      3 3681
      3 3684
      1 3685
      1 3686
      1 3687
      1 3688
      3 3689
      1 3690
      3 3691
      2 3692
      2 3693
      1 3694
      2 3695
      1 3696
      2 3697
      1 3698
      1 3699
      1 3700
      2 3701
      2 3703
      1 3704
      3 3705
      2 3706
      1 3707
      1 3708
      1 3709
      2 3710
      3 3711
      2 3712
      2 3713
      2 3714
      3 3715
      3 3716
      2 3717
      1 3720
      1 3723
      3 3724
      2 3725
      2 3726
      2 3728
      2 3730
      3 3731
      2 3732
      4 3733
      1 3734
      3 3736
      2 3737
      2 3738
      1 3739
      2 3740
      1 3742
      1 3743
      2 3744
      3 3745
      1 3746
      2 3747
      3 3748
      2 3750
      2 3751
      2 3752
      4 3753
      2 3754
      3 3756
      1 3757
      2 3758
      1 3759
      1 3761
      1 3762
      1 3763
      3 3764
      2 3765
      1 3766
      2 3767
      2 3768
      1 3769
      3 3771
      1 3772
      3 3773
      1 3774
      1 3775
      4 3776
      2 3777
      1 3778
      2 3779
      4 3780
      2 3781
      1 3782
      1 3783
      1 3784
      2 3785
      3 3786
      5 3787
      2 3788
      1 3789
      2 3790
      2 3791
      1 3792
      1 3793
      1 3794
      2 3795
      3 3796
      2 3797
      2 3798
      1 3800
      3 3801
      1 3804
      3 3805
      2 3806
      1 3808
      1 3809
      2 3810
      4 3811
      2 3812
      2 3813
      1 3814
      4 3815
      1 3817
      2 3818
      2 3819
      2 3820
      1 3821
      1 3822
      2 3824
      5 3825
      3 3826
      2 3827
      1 3829
      2 3830
      1 3831
      1 3832
      2 3833
      1 3834
      1 3835
      1 3836
      3 3837
      3 3838
      1 3839
      3 3840
      2 3841
      2 3842
      3 3843
      2 3844
      2 3845
      1 3847
      1 3848
      3 3849
      3 3850
      2 3851
      3 3852
      1 3853
      1 3854
      2 3855
      1 3856
      2 3858
      3 3860
      1 3861
      1 3862
      2 3863
      1 3864
      1 3865
      2 3866
      3 3868
      1 3869
      1 3871
      2 3872
      4 3874
      2 3875
      1 3876
      1 3877
      2 3878
      2 3879
      2 3883
      3 3885
      3 3886
      1 3887
      2 3888
      1 3889
      2 3890
      1 3891
      5 3893
      2 3894
      1 3898
      2 3900
      2 3901
      1 3902
      3 3903
      2 3904
      1 3905
      2 3906
      2 3907
      4 3908
      3 3909
      1 3910
      1 3912
      3 3913
      1 3914
      1 3915
      2 3916
      1 3917
      3 3918
      1 3919
      2 3920
      1 3921
      1 3924
      2 3926
      3 3927
      1 3928
      3 3930
      1 3931
      1 3932
      2 3933
      1 3934
      2 3936
      1 3937
      2 3938
      1 3940
      1 3941
      2 3942
      3 3943
      2 3944
      1 3945
      1 3946
      1 3947
      1 3949
      3 3950
      2 3951
      2 3953
      1 3955
      1 3956
      2 3957
      1 3958
      3 3960
      1 3961
      1 3965
      3 3966
      1 3968
      2 3969
      2 3971
      2 3972
      3 3973
      1 3974
      1 3975
      2 3976
      1 3977
      1 3978
      3 3979
      1 3980
      3 3981
      3 3982
      3 3983
      1 3984
      1 3985
      2 3986
      2 3987
      1 3990
      1 3991
      2 3992
      2 3993
      1 3996
      3 3997
      2 3998
      1 4000
      1 4002
      1 4003
      2 4004
      2 4005
      2 4006
      3 4007
      1 4012
      4 4013
      3 4015
      2 4016
      2 4019
      1 4022
      1 4023
      1 4024
      4 4025
      2 4026
      3 4027
      1 4028
      3 4029
      4 4030
      2 4031
      3 4033
      2 4036
      1 4037
      3 4038
      2 4039
      1 4041
      1 4042
      2 4043
      1 4044
      3 4046
      3 4047
      1 4049
      1 4050
      1 4052
      2 4053
      2 4055
      1 4056
      1 4057
      4 4058
      4 4059
      1 4060
      2 4061
      2 4062
      1 4063
      2 4064
      1 4065
      1 4067
      2 4068
      2 4070
      3 4071
      2 4073
      2 4074
      1 4075
      1 4076
      3 4078
      4 4079
      2 4080
      1 4082
      2 4083
      3 4084
      1 4085
      1 4086
      1 4087
      3 4088
      1 4089
      3 4091
      2 4092
      2 4093
      3 4094
      1 4095
      1 4097
      1 4098
      5 4099
      1 4100
      3 4101
      3 4102
      1 4103
      1 4105
      2 4109
      5 4110
      3 4113
      3 4114
      1 4115
      2 4116
      1 4117
      1 4118
      2 4120
      3 4121
      3 4123
      1 4124
      1 4125
      2 4127
      2 4128
      2 4129
      1 4130
      1 4131
      2 4132
      2 4133
      1 4134
      1 4135
      1 4137
      1 4138
      2 4139
      2 4140
      1 4141
      2 4142
      1 4143
      5 4144
      2 4145
      1 4148
      1 4149
      3 4150
      3 4151
      1 4152
      2 4153
      2 4154
      1 4156
      1 4157
      2 4158
      2 4159
      2 4160
      2 4162
      2 4163
      1 4164
      2 4165
      1 4167
      1 4169
      1 4170
      3 4171
      1 4173
      2 4174
      2 4175
      1 4178
      2 4181
      1 4183
      2 4185
      1 4186
      2 4188
      1 4189
      2 4190
      3 4191
      1 4195
      2 4196
      1 4197
      1 4198
      1 4199
      4 4200
      1 4201
      3 4202
      3 4203
      2 4205
      2 4206
      1 4207
      1 4208
      2 4209
      1 4210
      1 4211
      1 4212
      1 4213
      2 4215
      1 4216
      2 4217
      2 4218
      1 4219
      1 4221
      1 4222
      4 4223
      2 4225
      1 4227
      2 4228
      3 4229
      4 4231
      2 4232
      1 4235
      2 4236
      2 4237
      1 4238
      2 4239
      3 4240
      1 4241
      2 4242
      1 4243
      2 4244
      2 4245
      1 4247
      1 4249
      2 4250
      3 4252
      5 4253
      1 4254
      1 4255
      1 4256
      1 4257
      3 4259
      1 4260
      1 4262
      3 4263
      1 4264
      3 4266
      2 4267
      2 4269
      2 4272
      3 4273
      2 4274
      2 4275
      2 4276
      2 4277
      1 4278
      2 4279
      2 4280
      1 4281
      1 4283
      1 4284
      2 4286
      1 4287
      4 4288
      2 4289
      1 4291
      1 4292
      1 4293
      2 4294
      3 4295
      1 4296
      1 4298
      1 4299
      1 4300
      1 4301
      5 4302
      2 4305
      1 4306
      3 4307
      1 4308
      3 4309
      3 4310
      1 4312
      1 4314
      2 4315
      1 4316
      1 4320
      1 4321
      3 4322
      1 4323
      2 4325
      1 4326
      1 4327
      2 4328
      2 4329
      1 4330
      3 4332
      2 4333
      1 4334
      1 4335
      3 4339
      1 4340
      2 4341
      1 4342
      2 4343
      1 4344
      3 4346
      1 4347
      2 4348
      1 4350
      3 4351
      2 4352
      1 4353
      1 4354
      1 4355
      3 4357
      3 4361
      1 4362
      1 4363
      1 4364
      1 4365
      2 4366
      1 4367
      2 4368
      1 4372
      1 4374
      1 4376
      1 4377
      1 4378
      1 4380
      2 4381
      3 4382
      1 4383
      2 4384
      4 4385
      1 4386
      2 4388
      2 4391
      2 4393
      2 4395
      2 4396
      2 4398
      1 4400
      1 4401
      1 4402
      3 4404
      1 4406
      4 4407
      1 4409
      1 4410
      2 4413
      2 4414
      2 4415
      2 4416
      3 4419
      2 4420
      1 4421
      1 4422
      1 4423
      1 4425
      2 4427
      1 4428
      1 4430
      1 4431
      3 4433
      1 4434
      1 4435
      1 4436
      1 4439
      2 4440
      1 4442
      2 4443
      2 4447
      2 4451
      1 4453
      1 4454
      1 4455
      1 4458
      1 4459
      2 4460
      1 4461
      1 4462
      2 4463
      2 4464
      3 4466
      4 4467
      2 4468
      2 4469
      2 4470
      4 4471
      1 4473
      1 4474
      4 4476
      1 4479
      1 4480
      1 4482
      3 4483
      2 4485
      2 4486
      1 4488
      1 4489
      2 4491
      1 4492
      2 4494
      2 4495
      1 4497
      1 4500
      1 4501
      3 4502
      1 4503
      1 4504
      3 4505
      1 4508
      3 4509
      1 4510
      1 4513
      1 4514
      2 4515
      3 4517
      1 4518
      2 4521
      1 4523
      1 4525
      2 4526
      2 4528
      3 4529
      1 4531
      2 4532
      1 4533
      1 4535
      4 4537
      2 4538
      1 4539
      1 4541
      3 4544
      1 4546
      2 4548
      1 4549
      1 4551
      2 4553
      1 4554
      3 4557
      1 4558
      1 4560
      1 4563
      1 4565
      2 4566
      1 4570
      3 4571
      2 4572
      1 4573
      1 4574
      2 4575
      1 4580
      1 4584
      1 4585
      2 4587
      1 4588
      2 4589
      1 4590
      1 4592
      2 4593
      1 4594
      1 4597
      2 4599
      1 4600
      1 4601
      1 4602
      2 4603
      1 4604
      5 4605
      2 4607
      1 4608
      2 4609
      4 4610
      3 4611
      2 4613
      3 4614
      2 4615
      2 4617
      3 4618
      2 4619
      2 4620
      1 4623
      2 4624
      2 4626
      1 4628
      1 4629
      1 4630
      2 4631
      2 4632
      2 4633
      2 4634
      1 4636
      2 4640
      3 4641
      2 4642
      1 4643
      2 4645
      2 4647
      2 4649
      1 4650
      1 4651
      1 4653
      2 4655
      1 4656
      4 4657
      2 4659
      1 4660
      3 4662
      1 4664
      3 4667
      2 4670
      1 4671
      3 4673
      1 4675
      1 4676
      1 4677
      1 4678
      1 4679
      4 4680
      3 4681
      1 4683
      1 4686
      1 4688
      1 4690
      1 4691
      3 4692
      1 4693
      1 4695
      1 4696
      1 4698
      2 4699
      2 4700
      1 4702
      3 4703
      2 4704
      3 4706
      1 4708
      1 4709
      1 4711
      1 4712
      1 4713
      1 4715
      1 4716
      2 4717
      1 4718
      2 4720
      2 4721
      1 4723
      1 4724
      2 4727
      2 4728
      1 4729
      1 4730
      1 4731
      2 4733
      1 4735
      1 4736
      1 4738
      2 4739
      1 4740
      1 4742
      3 4743
      2 4744
      1 4748
      1 4749
      1 4752
      1 4753
      1 4759
      1 4760
      2 4761
      1 4762
      1 4763
      2 4764
      1 4765
      3 4766
      2 4768
      3 4769
      1 4770
      2 4772
      1 4774
      2 4775
      1 4776
      2 4779
      1 4781
      1 4782
      1 4783
      1 4784
      2 4786
      3 4787
      1 4788
      2 4789
      2 4790
      1 4791
      1 4792
      1 4793
      2 4795
      2 4796
      2 4797
      2 4799
      2 4802
      1 4804
      3 4805
      3 4806
      2 4808
      2 4810
      1 4811
      1 4812
      1 4816
      1 4817
      1 4819
      1 4821
      2 4824
      2 4825
      1 4827
      1 4829
      1 4830
      3 4831
      1 4832
      1 4833
      2 4836
      1 4837
      1 4839
      2 4840
      2 4842
      1 4844
      2 4845
      2 4846
      2 4848
      2 4849
      3 4850
      1 4851
      1 4852
      2 4853
      3 4856
      2 4857
      1 4858
      3 4859
      2 4860
      2 4861
      1 4862
      1 4864
      2 4865
      3 4866
      1 4869
      1 4870
      2 4872
      1 4873
      1 4874
      3 4875
      1 4876
      1 4877
      1 4879
      1 4880
      1 4882
      1 4883
      1 4886
      1 4887
      1 4888
      1 4889
      1 4890
      1 4891
      1 4893
      2 4894
      2 4895
      2 4896
      1 4897
      1 4898
      1 4899
      1 4901
      1 4903
      1 4904
      3 4905
      1 4906
      3 4907
      1 4908
      3 4909
      2 4911
      2 4912
      1 4913
      1 4914
      3 4915
      1 4916
      2 4917
      2 4918
      1 4919
      2 4921
      1 4925
      1 4926
      2 4927
      3 4928
      1 4929
      1 4930
      2 4931
      3 4934
      1 4936
      1 4937
      1 4938
      1 4939
      2 4940
      1 4941
      1 4942
      1 4944
      2 4945
      3 4947
      2 4949
      2 4950
      2 4953
      2 4954
      2 4960
      3 4962
      2 4963
      1 4966
      1 4968
      2 4969
      2 4970
      1 4971
      1 4973
      3 4974
      1 4975
      1 4976
      1 4979
      2 4981
      2 4982
      1 4983
      1 4984
      3 4985
      1 4986
      1 4989
      1 4993
      1 4994
      2 4995
      2 4996
      1 4998
      1 4999
      1 5001
      1 5002
      1 5005
      3 5006
      1 5007
      1 5009
      1 5010
      2 5011
      6 5013
      1 5014
      1 5017
      2 5019
      2 5021
      1 5022
      2 5027
      1 5028
      1 5029
      2 5033
      1 5034
      3 5035
      1 5037
      1 5043
      2 5045
      3 5048
      3 5050
      1 5052
      3 5053
      1 5054
      1 5055
      1 5056
      1 5057
      3 5058
      1 5061
      1 5062
      2 5064
      2 5065
      1 5066
      1 5068
      2 5069
      1 5071
      1 5072
      1 5074
      3 5075
      3 5076
      1 5077
      1 5078
      1 5079
      1 5080
      3 5082
      4 5083
      1 5084
      2 5085
      1 5086
      1 5087
      1 5088
      2 5089
      3 5093
      1 5094
      1 5095
      2 5096
      1 5097
      1 5098
      1 5099
      1 5100
      3 5102
      4 5105
      1 5107
      1 5108
      3 5109
      2 5110
      1 5113
      2 5114
      2 5115
      1 5116
      1 5119
      5 5121
      1 5123
      1 5124
      3 5128
      1 5129
      5 5131
      1 5132
      1 5133
      2 5134
      2 5137
      1 5138
      2 5139
      1 5141
      1 5142
      2 5144
      2 5146
      1 5150
      1 5152
      1 5153
      1 5154
      2 5155
      2 5157
      1 5158
      2 5159
      1 5160
      1 5161
      1 5162
      2 5164
      4 5167
      1 5168
      1 5169
      1 5170
      1 5171
      2 5172
      1 5173
      1 5174
      2 5175
      1 5179
      1 5183
      3 5184
      1 5185
      2 5186
      2 5187
      1 5188
      2 5189
      1 5190
      2 5192
      1 5195
      1 5199
      1 5202
      1 5204
      1 5207
      2 5208
      1 5209
      1 5210
      1 5211
      2 5212
      1 5214
      1 5215
      1 5216
      1 5217
      2 5221
      2 5222
      1 5223
      3 5224
      2 5225
      1 5227
      1 5230
      1 5232
      1 5236
      1 5237
      1 5238
      1 5239
      1 5241
      1 5242
      1 5243
      1 5245
      2 5247
      1 5248
      1 5251
      2 5252
      2 5253
      1 5254
      2 5255
      1 5256
      1 5259
      1 5260
      2 5262
      1 5263
      1 5264
      2 5267
      4 5268
      2 5269
      2 5272
      1 5276
      2 5279
      3 5280
      2 5282
      1 5283
      1 5285
      2 5287
      1 5288
      1 5292
      3 5293
      1 5294
      3 5297
      1 5298
      2 5299
      1 5300
      1 5301
      1 5303
      1 5309
      3 5311
      1 5312
      1 5313
      1 5314
      3 5316
      2 5320
      2 5321
      1 5322
      1 5323
      1 5325
      2 5326
      1 5329
      1 5330
      3 5331
      1 5334
      2 5335
      1 5336
      1 5339
      1 5341
      1 5343
      2 5344
      1 5345
      1 5347
      2 5348
      1 5349
      1 5352
      1 5353
      1 5356
      2 5358
      1 5359
      1 5360
      1 5361
      3 5362
      2 5364
      1 5365
      1 5368
      1 5370
      2 5371
      1 5374
      1 5377
      1 5381
      1 5382
      1 5383
      1 5384
      3 5387
      1 5389
      2 5390
      1 5391
      1 5392
      1 5393
      1 5394
      3 5397
      3 5399
      2 5401
      1 5402
      2 5403
      1 5404
      1 5405
      1 5411
      1 5413
      2 5414
      1 5416
      2 5418
      1 5420
      1 5424
      2 5425
      1 5426
      3 5429
      1 5432
      1 5435
      1 5437
      1 5439
      1 5441
      1 5442
      2 5445
      2 5446
      1 5448
      1 5451
      2 5454
      1 5456
      1 5459
      2 5460
      2 5461
      1 5463
      2 5464
      1 5466
      1 5467
      1 5468
      2 5470
      1 5473
      1 5475
      1 5476
      1 5477
      1 5478
      1 5480
      1 5481
      2 5482
      1 5484
      2 5485
      1 5486
      1 5488
      2 5489
      4 5490
      1 5491
      1 5492
      3 5493
      1 5494
      1 5496
      1 5497
      1 5499
      3 5500
      2 5501
      1 5502
      3 5504
      2 5505
      2 5506
      1 5507
      1 5508
      1 5509
      4 5510
      1 5511
      3 5513
      2 5515
      1 5516
      1 5518
      2 5519
      1 5520
      2 5521
      2 5522
      1 5528
      1 5530
      1 5531
      1 5534
      2 5535
      1 5539
      1 5540
      2 5542
      2 5544
      1 5545
      1 5546
      2 5548
      3 5551
      1 5554
      1 5556
      1 5557
      1 5558
      1 5559
      1 5560
      1 5561
      2 5563
      1 5565
      2 5567
      1 5571
      1 5575
      1 5576
      1 5577
      1 5578
      2 5579
      3 5580
      1 5582
      1 5583
      1 5586
      1 5587
      2 5588
      1 5591
      2 5592
      1 5593
      3 5596
      2 5597
      1 5598
      1 5602
      2 5603
      1 5604
      3 5606
      1 5607
      1 5610
      1 5611
      1 5612
      1 5614
      1 5615
      1 5617
      2 5618
      1 5619
      1 5620
      1 5621
      1 5624
      1 5627
      1 5628
      2 5629
      1 5631
      1 5632
      2 5633
      2 5636
      1 5639
      1 5640
      1 5642
      1 5643
      2 5645
      1 5646
      1 5648
      2 5649
      1 5652
      1 5653
      2 5654
      2 5658
      2 5660
      2 5661
      1 5662
      1 5663
      1 5664
      1 5665
      1 5667
      1 5668
      1 5669
      1 5672
      1 5673
      1 5674
      1 5675
      1 5677
      1 5680
      1 5683
      4 5685
      1 5688
      1 5692
      1 5693
      1 5694
      1 5695
      1 5699
      1 5700
      1 5701
      1 5702
      1 5706
      1 5707
      2 5708
      1 5710
      1 5711
      2 5712
      1 5713
      2 5716
      1 5720
      2 5722
      1 5726
      1 5727
      1 5732
      1 5733
      2 5734
      1 5735
      1 5736
      2 5737
      2 5738
      2 5739
      2 5740
      2 5742
      2 5745
      2 5746
      1 5747
      3 5749
      1 5752
      1 5754
      1 5755
      2 5756
      1 5757
      1 5760
      1 5761
      3 5765
      2 5768
      1 5769
      1 5770
      1 5771
      1 5772
      1 5774
      2 5775
      1 5776
      1 5777
      1 5779
      2 5781
      1 5783
      1 5784
      1 5787
      2 5788
      1 5789
      1 5790
      1 5791
      1 5793
      2 5794
      1 5797
      1 5798
      1 5800
      2 5803
      2 5805
      2 5809
      2 5810
      1 5815
      1 5818
      1 5819
      2 5820
      2 5821
      1 5825
      1 5827
      1 5828
      2 5829
      1 5831
      1 5835
      1 5838
      1 5841
      2 5846
      1 5847
      1 5849
      1 5852
      1 5856
      1 5857
      1 5858
      1 5859
      3 5861
      2 5862
      2 5863
      1 5869
      1 5871
      2 5874
      1 5875
      2 5876
      1 5878
      1 5880
      2 5881
      2 5882
      1 5884
      1 5887
      1 5890
      1 5893
      1 5894
      1 5895
      2 5899
      1 5902
      1 5903
      2 5907
      1 5909
      1 5910
      3 5914
      1 5916
      1 5921
      1 5922
      1 5924
      2 5926
      1 5928
      1 5930
      1 5931
      1 5932
      1 5937
      1 5943
      1 5945
      1 5946
      3 5947
      1 5948
      1 5952
      1 5954
      1 5955
      1 5964
      1 5967
      1 5968
      1 5970
      1 5973
      1 5974
      2 5976
      1 5978
      2 5979
      2 5981
      1 5983
      2 5992
      1 5993
      1 5995
      2 5996
      1 5999
      2 6000
      1 6006
      1 6007
      1 6012
      2 6013
      1 6014
      1 6018
      2 6019
      2 6020
      1 6022
      1 6024
      1 6027
      1 6028
      2 6029
      1 6030
      1 6032
      1 6034
      1 6036
      1 6037
      1 6038
      1 6040
      1 6045
      1 6047
      1 6049
      1 6050
      1 6051
      1 6053
      3 6055
      2 6056
      2 6058
      1 6060
      2 6064
      1 6065
      2 6067
      2 6068
      1 6078
      1 6079
      1 6080
      2 6083
      1 6084
      2 6086
      1 6088
      1 6089
      1 6094
      2 6097
      1 6099
      1 6103
      2 6107
      1 6109
      1 6112
      1 6115
      2 6117
      1 6118
      1 6121
      3 6123
      1 6130
      1 6131
      1 6134
      1 6137
      1 6142
      1 6143
      1 6145
      1 6147
      2 6150
      1 6152
      2 6154
      1 6158
      1 6160
      1 6161
      2 6163
      1 6164
      1 6165
      2 6166
      1 6167
      1 6169
      1 6171
      1 6173
      1 6174
      1 6178
      1 6179
      1 6182
      1 6183
      1 6184
      1 6185
      1 6186
      1 6189
      1 6193
      2 6194
      2 6195
      1 6198
      1 6200
      2 6205
      1 6206
      3 6207
      2 6210
      1 6212
      2 6217
      1 6222
      1 6224
      2 6227
      1 6229
      1 6230
      1 6231
      1 6232
      1 6233
      1 6234
      2 6235
      1 6237
      1 6239
      1 6240
      1 6241
      1 6243
      3 6246
      1 6249
      2 6252
      1 6253
      2 6255
      1 6258
      1 6259
      1 6260
      1 6262
      1 6265
      2 6266
      1 6268
      1 6270
      2 6272
      1 6274
      2 6276
      1 6277
      1 6278
      1 6279
      1 6284
      1 6285
      1 6288
      1 6289
      1 6291
      1 6293
      1 6294
      2 6296
      2 6298
      1 6299
      1 6300
      2 6302
      1 6304
      1 6305
      2 6307
      1 6308
      2 6312
      2 6313
      1 6315
      1 6317
      2 6318
      1 6319
      2 6321
      1 6322
      1 6323
      1 6324
      1 6325
      1 6334
      1 6343
      1 6345
      3 6349
      1 6351
      1 6352
      1 6354
      1 6356
      1 6360
      1 6361
      1 6365
      1 6366
      1 6371
      1 6376
      2 6377
      2 6378
      1 6380
      2 6384
      1 6385
      2 6387
      1 6388
      1 6389
      2 6395
      2 6396
      1 6399
      1 6401
      1 6404
      1 6407
      1 6409
      1 6410
      1 6416
      1 6424
      2 6425
      1 6429
      1 6431
      1 6432
      1 6434
      1 6436
      2 6438
      1 6439
      1 6442
      1 6445
      1 6447
      1 6448
      1 6453
      1 6457
      1 6458
      1 6460
      1 6464
      1 6466
      4 6471
      2 6474
      3 6477
      1 6480
      1 6484
      1 6486
      1 6488
      1 6490
      1 6494
      1 6495
      2 6497
      1 6499
      2 6504
      2 6506
      1 6509
      1 6512
      3 6513
      1 6516
      1 6517
      1 6519
      1 6520
      2 6522
      1 6523
      1 6525
      1 6527
      2 6528
      1 6531
      1 6532
      2 6534
      2 6537
      2 6538
      1 6543
      2 6544
      3 6545
      1 6546
      1 6549
      1 6552
      1 6553
      1 6554
      1 6556
      1 6558
      3 6560
      1 6561
      1 6563
      3 6565
      1 6566
      2 6567
      1 6568
      1 6569
      2 6575
      1 6580
      2 6584
      1 6585
      1 6586
      1 6588
      2 6589
      3 6590
      5 6591
      1 6592
      1 6594
      1 6596
      1 6598
      1 6601
      2 6603
      4 6606
      2 6614
      1 6618
      2 6619
      1 6620
      2 6621
      1 6623
      1 6625
      1 6628
      1 6631
      1 6632
      1 6633
      1 6634
      1 6636
      3 6640
      2 6643
      2 6650
      1 6652
      1 6656
      2 6657
      1 6658
      1 6660
      1 6662
      2 6663
      1 6666
      1 6667
      1 6668
      1 6672
      1 6673
      1 6676
      2 6677
      1 6678
      1 6686
      1 6687
      1 6689
      1 6690
      2 6691
      1 6692
      1 6694
      1 6697
      1 6698
      1 6700
      1 6701
      1 6707
      1 6712
      1 6713
      1 6714
      1 6715
      1 6717
      1 6722
      2 6728
      1 6729
      2 6737
      1 6742
      1 6749
      1 6756
      2 6758
      2 6762
      1 6763
      3 6766
      1 6767
      1 6769
      1 6770
      1 6774
      1 6778
      3 6782
      1 6784
      2 6787
      1 6789
      1 6790
      1 6795
      2 6796
      1 6804
      1 6806
      2 6809
      1 6813
      1 6815
      1 6819
      1 6820
      1 6821
      1 6822
      1 6823
      1 6825
      1 6827
      1 6831
      1 6832
      3 6835
      1 6836
      1 6837
      1 6841
      1 6844
      1 6845
      3 6848
      1 6851
      1 6854
      1 6855
      1 6857
      1 6858
      2 6859
      1 6860
      1 6862
      2 6866
      1 6867
      1 6869
      1 6873
      1 6878
      2 6880
      1 6881
      1 6882
      2 6885
      1 6886
      1 6888
      2 6891
      2 6893
      2 6894
      1 6895
      1 6898
      1 6899
      1 6900
      2 6904
      2 6905
      2 6907
      1 6908
      1 6911
      1 6913
      2 6916
      2 6918
      2 6919
      1 6920
      1 6921
      1 6922
      1 6924
      1 6925
      1 6927
      3 6928
      2 6932
      2 6936
      1 6941
      1 6944
      1 6945
      1 6946
      1 6948
      2 6950
      1 6954
      1 6955
      1 6956
      1 6958
      1 6960
      1 6962
      1 6963
      1 6964
      1 6967
      1 6970
      1 6971
      1 6975
      1 6976
      1 6978
      1 6981
      2 6982
      1 6984
      1 6985
      1 6986
      1 6989
      1 6993
      2 6995
      2 6997
      1 6998
      1 7000
      1 7001
      1 7002
      1 7003
      1 7005
      1 7007
      1 7009
      1 7010
      1 7011
      1 7012
      2 7014
      1 7016
      2 7017
      1 7018
      1 7020
      1 7027
      1 7029
      1 7031
      1 7033
      1 7034
      1 7035
      1 7038
      1 7040
      1 7041
      1 7043
      1 7050
      1 7053
      1 7058
      3 7061
      1 7068
      1 7070
      1 7072
      1 7073
      2 7074
      1 7075
      2 7077
      2 7080
      1 7082
      2 7084
      1 7087
      2 7090
      2 7091
      1 7093
      1 7094
      2 7095
      2 7097
      1 7098
      1 7099
      1 7100
      1 7101
      1 7104
      1 7105
      1 7107
      1 7108
      1 7109
      1 7110
      1 7120
      1 7122
      1 7129
      1 7132
      1 7133
      1 7134
      2 7135
      1 7137
      1 7138
      2 7139
      2 7140
      2 7142
      2 7145
      2 7147
      3 7151
      1 7152
      1 7161
      1 7162
      1 7169
      2 7171
      1 7175
      1 7176
      3 7178
      1 7182
      1 7189
      1 7190
      1 7191
      1 7192
      1 7194
      2 7196
      1 7197
      1 7200
      1 7201
      1 7203
      2 7204
      1 7205
      2 7206
      1 7207
      1 7210
      2 7212
      2 7213
      1 7214
      1 7216
      1 7219
      1 7223
      1 7230
      1 7235
      1 7237
      1 7238
      2 7240
      1 7243
      1 7246
      1 7249
      1 7255
      1 7258
      2 7260
      1 7264
      1 7266
      1 7267
      2 7274
      1 7275
      1 7279
      3 7280
      2 7281
      1 7284
      1 7287
      1 7289
      1 7292
      1 7294
      1 7297
      1 7299
      2 7300
      2 7301
      1 7302
      2 7306
      1 7313
      1 7314
      1 7315
      2 7316
      2 7319
      1 7320
      1 7325
      1 7328
      1 7329
      1 7337
      1 7338
      1 7347
      3 7348
      1 7355
      2 7356
      1 7357
      1 7360
      1 7365
      1 7366
      1 7368
      1 7370
      2 7375
      1 7380
      2 7381
      1 7382
      1 7384
      1 7386
      2 7387
      2 7388
      1 7389
      1 7390
      2 7391
      2 7392
      1 7394
      2 7395
      1 7398
      1 7404
      1 7407
      1 7408
      1 7409
      3 7410
      1 7413
      1 7415
      1 7417
      1 7420
      1 7423
      2 7426
      1 7429
      3 7435
      1 7436
      1 7440
      2 7441
      1 7442
      1 7444
      1 7447
      1 7452
      2 7453
      1 7455
      1 7459
      2 7460
      1 7470
      1 7471
      1 7472
      1 7473
      1 7474
      1 7475
      3 7482
      1 7483
      1 7485
      1 7487
      1 7494
      1 7499
      1 7501
      2 7503
      1 7505
      2 7507
      1 7508
      1 7509
      1 7511
      1 7513
      2 7514
      1 7519
      2 7520
      1 7523
      2 7524
      1 7525
      2 7526
      1 7528
      1 7534
      2 7538
      2 7540
      1 7544
      2 7545
      1 7546
      1 7549
      1 7552
      1 7555
      2 7556
      1 7557
      1 7558
      1 7562
      1 7563
      1 7564
      1 7565
      1 7570
      1 7571
      1 7572
      1 7573
      1 7574
      2 7575
      1 7577
      1 7584
      1 7592
      1 7593
      2 7594
      1 7595
      2 7599
      1 7600
      2 7601
      1 7602
      1 7605
      2 7606
      1 7614
      2 7616
      1 7618
      1 7619
      1 7623
      1 7624
      1 7626
      2 7629
      2 7631
      1 7636
      1 7640
      1 7641
      2 7643
      2 7645
      1 7649
      1 7650
      2 7655
      1 7661
      2 7662
      1 7663
      1 7665
      1 7666
      1 7667
      1 7668
      1 7676
      1 7680
      1 7681
      1 7682
      1 7686
      1 7687
      1 7691
      1 7694
      1 7699
      1 7702
      1 7704
      1 7705
      1 7708
      1 7710
      1 7715
      1 7716
      1 7719
      2 7721
      1 7724
      1 7738
      2 7739
      2 7741
      2 7746
      1 7747
      1 7749
      1 7751
      2 7753
      1 7756
      1 7757
      1 7758
      1 7759
      2 7762
      2 7766
      1 7769
      1 7771
      2 7776
      1 7778
      1 7781
      3 7783
      1 7786
      1 7791
      1 7792
      1 7794
      1 7795
      1 7796
      1 7800
      3 7804
      1 7807
      1 7808
      1 7810
      1 7811
      1 7814
      1 7815
      1 7817
      1 7819
      1 7823
      1 7824
      1 7826
      2 7828
      1 7829
      1 7832
      1 7835
      1 7836
      2 7842
      1 7843
      3 7844
      1 7850
      1 7852
      1 7859
      1 7860
      1 7862
      1 7863
      1 7864
      1 7866
      1 7869
      1 7871
      1 7875
      1 7876
      1 7877
      1 7882
      1 7884
      1 7885
      2 7886
      1 7888
      1 7890
      2 7895
      1 7901
      1 7904
      2 7905
      1 7908
      1 7909
      1 7910
      1 7912
      1 7915
      1 7917
      3 7918
      1 7921
      1 7923
      1 7924
      2 7925
      1 7927
      1 7928
      2 7929
      1 7930
      1 7931
      1 7935
      1 7937
      1 7938
      1 7941
      2 7944
      3 7945
      1 7947
      1 7949
      1 7951
      1 7955
      1 7959
      1 7962
      1 7963
      1 7967
      1 7968
      1 7969
      1 7971
      1 7974
      1 7975
      1 7976
      1 7981
      1 7983
      2 7986
      2 7988
      2 7992
      1 7993
      1 7994
      1 7996
      2 8005
      1 8008
      1 8016
      1 8021
      1 8025
      1 8028
      2 8031
      1 8032
      1 8036
      2 8043
      1 8044
      1 8045
      1 8046
      1 8047
      1 8048
      2 8050
      1 8053
      1 8055
      1 8057
      2 8062
      1 8064
      1 8071
      1 8073
      1 8074
      2 8076
      1 8077
      1 8078
      2 8080
      1 8081
      1 8082
      1 8086
      1 8087
      1 8095
      1 8099
      1 8101
      1 8106
      1 8112
      3 8117
      1 8120
      1 8122
      1 8123
      1 8124
      1 8125
      1 8129
      1 8131
      2 8137
      1 8138
      1 8148
      1 8149
      1 8150
      1 8152
      1 8154
      1 8155
      1 8156
      1 8161
      1 8165
      1 8167
      1 8171
      1 8175
      1 8178
      1 8180
      3 8181
      2 8183
      1 8184
      1 8188
      2 8189
      1 8196
      1 8210
      1 8213
      1 8214
      1 8217
      1 8218
      1 8222
      1 8224
      1 8227
      2 8231
      1 8233
      1 8236
      1 8239
      2 8241
      1 8242
      2 8243
      1 8245
      2 8246
      1 8247
      1 8249
      1 8251
      1 8254
      1 8255
      1 8256
      1 8260
      1 8261
      1 8262
      1 8269
      1 8271
      3 8272
      1 8273
      1 8275
      1 8276
      1 8277
      1 8282
      1 8283
      1 8287
      1 8288
      1 8295
      1 8296
      1 8300
      1 8302
      1 8304
      1 8317
      2 8318
      2 8321
      1 8331
      1 8332
      1 8334
      1 8337
      1 8339
      1 8345
      1 8347
      1 8348
      1 8349
      1 8351
      1 8363
      2 8367
      1 8370
      1 8384
      2 8385
      1 8392
      1 8395
      1 8397
      1 8399
      1 8401
      1 8404
      2 8405
      1 8406
      2 8407
      1 8408
      2 8411
      1 8414
      1 8415
      1 8417
      1 8419
      1 8424
      1 8425
      1 8427
      1 8431
      1 8439
      1 8441
      1 8444
      1 8446
      1 8447
      1 8454
      1 8456
      1 8463
      2 8473
      1 8481
      1 8482
      2 8483
      1 8484
      1 8486
      1 8488
      1 8489
      2 8491
      1 8493
      1 8494
      1 8497
      1 8500
      1 8501
      1 8502
      1 8504
      1 8509
      2 8518
      1 8521
      1 8523
      3 8524
      1 8525
      1 8526
      1 8531
      1 8534
      1 8537
      2 8539
      1 8542
      1 8548
      1 8550
      1 8551
      1 8555
      1 8558
      1 8564
      1 8565
      1 8566
      1 8570
      1 8577
      1 8578
      1 8580
      1 8581
      1 8582
      1 8583
      1 8584
      1 8586
      1 8596
      1 8600
      1 8601
      2 8603
      1 8604
      2 8606
      1 8607
      1 8613
      1 8614
      1 8630
      1 8633
      1 8643
      2 8644
      1 8650
      1 8653
      1 8654
      1 8655
      1 8657
      1 8659
      1 8661
      1 8666
      1 8669
      1 8670
      2 8672
      1 8676
      1 8678
      1 8682
      1 8684
      1 8685
      1 8689
      1 8694
      1 8695
      1 8703
      1 8707
      1 8709
      2 8715
      1 8716
      2 8721
      1 8722
      1 8725
      1 8731
      1 8735
      1 8736
      1 8737
      2 8738
      1 8739
      1 8740
      2 8741
      2 8744
      1 8746
      1 8751
      1 8755
      2 8758
      1 8765
      1 8769
      1 8770
      1 8772
      1 8776
      1 8778
      2 8792
      1 8793
      2 8794
      1 8795
      1 8798
      2 8799
      1 8800
      1 8801
      1 8803
      2 8805
      1 8809
      1 8812
      1 8814
      1 8818
      2 8819
      1 8823
      1 8826
      1 8827
      1 8835
      1 8843
      1 8848
      1 8851
      1 8858
      1 8863
      1 8864
      1 8874
      1 8877
      1 8880
      1 8882
      1 8883
      1 8884
      2 8888
      2 8891
      1 8892
      1 8914
      1 8915
      1 8917
      2 8919
      1 8922
      1 8925
      1 8927
      2 8932
      1 8936
      1 8938
      1 8939
      1 8943
      1 8944
      1 8948
      1 8950
      1 8955
      1 8956
      1 8965
      1 8972
      1 8973
      1 8979
      1 8999
      2 9000
      1 9004
      1 9006
      1 9007
      2 9008
      1 9019
      1 9020
      1 9029
      1 9031
      1 9032
      2 9033
      1 9035
      1 9036
      1 9038
      1 9048
      1 9049
      1 9055
      2 9066
      1 9071
      1 9082
      1 9084
      2 9088
      1 9091
      1 9094
      1 9097
      1 9098
      1 9100
      1 9101
      1 9107
      2 9110
      1 9112
      1 9114
      1 9115
      2 9122
      1 9123
      1 9127
      1 9129
      2 9131
      1 9135
      2 9136
      1 9141
      1 9143
      1 9147
      1 9149
      1 9152
      1 9153
      1 9156
      1 9163
      1 9164
      1 9176
      3 9180
      1 9185
      1 9194
      1 9199
      1 9208
      2 9212
      1 9214
      1 9217
      1 9222
      1 9225
      1 9248
      1 9249
      1 9256
      1 9259
      2 9263
      1 9264
      2 9271
      2 9281
      1 9288
      1 9290
      1 9291
      1 9292
      2 9295
      1 9309
      2 9310
      1 9312
      1 9314
      1 9317
      2 9318
      1 9319
      1 9320
      1 9321
      2 9331
      1 9335
      1 9338
      1 9339
      1 9341
      1 9345
      2 9358
      1 9364
      1 9369
      1 9371
      1 9373
      1 9374
      1 9390
      1 9399
      1 9421
      1 9422
      1 9427
      1 9433
      2 9435
      1 9445
      1 9452
      1 9461
      1 9463
      1 9466
      1 9467
      2 9468
      1 9469
      1 9478
      1 9479
      3 9488
      1 9489
      1 9493
      1 9494
      1 9495
      1 9496
      1 9497
      1 9511
      1 9516
      1 9524
      1 9526
      1 9529
      1 9530
      1 9531
      1 9534
      1 9540
      2 9542
      2 9552
      1 9557
      1 9558
      1 9561
      1 9568
      2 9569
      1 9572
      1 9574
      1 9583
      1 9586
      1 9587
      1 9591
      1 9592
      1 9596
      1 9601
      1 9603
      1 9606
      1 9616
      1 9623
      1 9625
      1 9627
      1 9632
      2 9644
      1 9645
      1 9648
      1 9654
      1 9659
      1 9667
      1 9669
      1 9686
      2 9690
      1 9693
      1 9695
      1 9697
      1 9699
      2 9702
      2 9703
      2 9705
      1 9710
      1 9712
      1 9714
      1 9716
      2 9717
      1 9723
      1 9728
      1 9739
      1 9746
      1 9749
      1 9754
      1 9757
      1 9764
      1 9765
      1 9771
      2 9779
      1 9780
      1 9783
      1 9787
      1 9788
      2 9796
      2 9801
      1 9803
      1 9806
      1 9807
      1 9815
      1 9820
      1 9822
      1 9824
      1 9828
      1 9829
      1 9836
      2 9839
      1 9841
      1 9845
      1 9848
      1 9849
      1 9852
      1 9853
      1 9854
      1 9856
      1 9862
      1 9871
      1 9872
      1 9877
      1 9880
      1 9881
      1 9882
      1 9886
      1 9889
      2 9894
      1 9902
      1 9908
      1 9911
      1 9912
      1 9916
      2 9939
      1 9940
      1 9945
      1 9950
      1 9952
      1 9953
      1 9964
      1 9967
      1 9975
      2 9980
      1 9981
      2 9987
      1 9991
      1 9994
      1 9999
      1 10004
      1 10005
      1 10008
      1 10009
      1 10013
      1 10018
      1 10019
      1 10025
      1 10026
      1 10029
      1 10033
      1 10037
      2 10039
      1 10041
      1 10042
      1 10048
      1 10049
      1 10056
      1 10060
      1 10064
      2 10068
      1 10073
      1 10074
      1 10075
      2 10078
      1 10084
      2 10090
      1 10094
      1 10104
      1 10108
      2 10111
      2 10119
      1 10121
      1 10126
      1 10128
      1 10133
      1 10138
      2 10140
      1 10143
      1 10144
      1 10145
      1 10151
      1 10155
      2 10158
      1 10160
      2 10161
      1 10170
      1 10172
      1 10189
      2 10193
      1 10198
      1 10204
      1 10209
      1 10210
      1 10212
      1 10219
      1 10220
      1 10225
      2 10227
      1 10234
      1 10237
      2 10239
      1 10244
      1 10247
      1 10250
      1 10258
      2 10263
      1 10268
      1 10270
      1 10280
      1 10283
      1 10286
      1 10287
      1 10290
      1 10291
      1 10292
      2 10301
      1 10304
      1 10305
      1 10312
      1 10314
      1 10319
      1 10320
      1 10321
      1 10322
      1 10327
      1 10334
      1 10335
      2 10338
      1 10344
      1 10347
      1 10349
      1 10352
      1 10360
      1 10361
      1 10366
      2 10368
      1 10369
      2 10371
      1 10375
      1 10377
      1 10386
      1 10389
      1 10390
      1 10405
      3 10410
      1 10411
      3 10412
      1 10415
      1 10417
      1 10418
      1 10421
      1 10423
      1 10428
      4 10433
      1 10438
      1 10443
      2 10446
      1 10449
      1 10453
      2 10456
      1 10460
      1 10464
      1 10475
      1 10477
      1 10480
      2 10482
      1 10488
      1 10493
      1 10494
      1 10499
      1 10501
      1 10506
      2 10509
      1 10513
      1 10517
      1 10520
      1 10521
      1 10536
      1 10540
      1 10543
      1 10544
      1 10545
      1 10553
      1 10561
      1 10562
      1 10568
      1 10578
      1 10585
      1 10588
      1 10589
      1 10593
      1 10594
      1 10595
      1 10597
      1 10598
      1 10599
      1 10605
      1 10606
      2 10609
      1 10611
      1 10612
      1 10614
      1 10615
      2 10617
      1 10624
      1 10631
      1 10647
      1 10648
      1 10649
      1 10655
      1 10657
      1 10661
      1 10673
      1 10675
      1 10678
      1 10693
      1 10697
      1 10702
      1 10704
      1 10715
      1 10718
      1 10720
      1 10721
      1 10723
      1 10726
      2 10727
      1 10748
      1 10753
      1 10759
      1 10760
      2 10762
      1 10764
      1 10773
      1 10774
      2 10776
      1 10777
      2 10779
      1 10780
      1 10782
      1 10785
      1 10793
      1 10797
      1 10799
      1 10800
      1 10811
      1 10814
      1 10834
      1 10839
      1 10841
      1 10842
      1 10844
      1 10847
      3 10848
      1 10850
      1 10851
      1 10853
      1 10855
      1 10868
      1 10869
      1 10871
      1 10873
      1 10876
      2 10878
      1 10880
      1 10884
      3 10893
      1 10901
      1 10905
      1 10910
      1 10913
      1 10915
      1 10916
      2 10919
      1 10927
      1 10929
      1 10936
      1 10946
      1 10947
      1 10948
      2 10953
      1 10959
      1 10960
      1 10962
      1 10965
      1 10970
      1 10974
      1 10975
      1 10976
      1 10977
      2 10988
      1 10990
      1 10991
      1 11004
      1 11006
      1 11013
      1 11015
      1 11019
      1 11024
      1 11028
      2 11030
      1 11032
      1 11033
      1 11034
      1 11038
      2 11044
      1 11045
      1 11049
      1 11050
      2 11056
      1 11068
      1 11069
      1 11072
      1 11075
      1 11079
      1 11090
      1 11095
      2 11101
      1 11103
      1 11110
      2 11113
      2 11116
      1 11125
      1 11128
      2 11130
      1 11132
      1 11133
      1 11135
      1 11136
      1 11139
      1 11140
      1 11141
      1 11142
      1 11148
      1 11149
      1 11154
      1 11158
      2 11169
      1 11172
      1 11175
      1 11177
      1 11178
      2 11179
      1 11181
      1 11184
      1 11185
      1 11191
      1 11193
      1 11208
      1 11212
      1 11213
      2 11215
      1 11217
      1 11218
      2 11219
      1 11224
      1 11227
      1 11229
      1 11230
      1 11232
      1 11234
      2 11243
      1 11249
      2 11252
      1 11253
      1 11254
      1 11256
      1 11257
      1 11260
      1 11261
      1 11262
      1 11272
      1 11281
      1 11282
      1 11284
      1 11291
      2 11297
      1 11298
      1 11299
      1 11302
      1 11303
      1 11304
      1 11307
      1 11309
      1 11317
      1 11318
      1 11321
      1 11325
      1 11326
      1 11328
      1 11329
      1 11335
      1 11339
      1 11342
      1 11364
      1 11365
      1 11374
      1 11380
      1 11381
      1 11383
      1 11387
      1 11389
      1 11390
      1 11393
      1 11396
      1 11412
      1 11422
      1 11426
      1 11433
      1 11434
      1 11444
      2 11445
      1 11449
      1 11460
      1 11462
      2 11467
      1 11469
      1 11478
      1 11484
      1 11492
      1 11493
      1 11494
      1 11497
      1 11500
      1 11501
      1 11511
      1 11514
      3 11517
      1 11520
      1 11522
      1 11526
      1 11529
      1 11530
      1 11532
      1 11542
      2 11546
      1 11550
      1 11558
      1 11564
      1 11569
      1 11570
      1 11571
      1 11574
      1 11576
      1 11578
      1 11603
      1 11624
      1 11626
      1 11639
      1 11641
      1 11647
      1 11650
      1 11652
      1 11656
      1 11661
      1 11664
      1 11674
      2 11676
      1 11688
      1 11692
      1 11696
      1 11697
      1 11698
      1 11706
      1 11715
      2 11717
      1 11721
      1 11726
      1 11735
      1 11760
      1 11763
      1 11768
      1 11769
      1 11771
      1 11773
      1 11774
      1 11775
      1 11781
      1 11782
      1 11784
      1 11789
      1 11791
      1 11792
      1 11811
      2 11817
      1 11822
      1 11832
      1 11834
      1 11837
      1 11841
      1 11844
      1 11845
      1 11847
      1 11849
      1 11852
      1 11863
      1 11865
      1 11866
      1 11873
      2 11874
      1 11878
      1 11879
      1 11885
      1 11886
      2 11889
      1 11891
      1 11896
      2 11905
      1 11907
      1 11919
      1 11929
      2 11931
      1 11936
      1 11938
      1 11942
      1 11943
      1 11951
      1 11956
      1 11964
      2 11965
      1 11967
      1 11978
      1 11992
      1 12001
      1 12005
      1 12007
      1 12011
      1 12016
      1 12018
      1 12020
      1 12021
      2 12027
      1 12033
      1 12035
      2 12046
      1 12057
      1 12059
      1 12068
      1 12085
      2 12093
      1 12102
      1 12107
      1 12115
      1 12125
      1 12128
      1 12132
      1 12136
      1 12149
      1 12156
      1 12157
      1 12166
      1 12169
      1 12171
      1 12173
      1 12174
      3 12185
      1 12186
      1 12192
      1 12193
      1 12200
      1 12211
      1 12217
      1 12222
      2 12227
      1 12230
      1 12233
      1 12245
      1 12255
      1 12260
      1 12261
      2 12268
      1 12271
      1 12280
      1 12282
      2 12284
      1 12290
      1 12295
      1 12307
      1 12309
      1 12311
      1 12312
      1 12313
      1 12317
      1 12323
      1 12325
      1 12327
      1 12328
      2 12336
      2 12339
      1 12344
      1 12349
      1 12354
      1 12357
      1 12358
      1 12359
      1 12361
      1 12362
      1 12363
      1 12364
      1 12369
      2 12370
      1 12371
      1 12376
      2 12381
      1 12387
      1 12388
      1 12395
      1 12404
      1 12405
      1 12409
      1 12422
      1 12430
      1 12435
      1 12437
      1 12439
      1 12441
      1 12449
      1 12451
      1 12453
      1 12454
      1 12457
      1 12459
      1 12462
      1 12466
      1 12469
      1 12481
      2 12484
      1 12489
      1 12492
      1 12497
      1 12515
      1 12526
      1 12532
      1 12534
      2 12537
      1 12542
      1 12545
      1 12547
      1 12561
      1 12569
      1 12574
      1 12575
      1 12581
      1 12608
      1 12614
      1 12618
      1 12621
      1 12627
      2 12638
      1 12639
      1 12642
      1 12643
      1 12646
      1 12657
      1 12662
      1 12665
      1 12669
      1 12676
      2 12677
      2 12682
      1 12695
      1 12702
      1 12703
      1 12718
      1 12720
      1 12723
      1 12725
      1 12729
      2 12738
      1 12740
      1 12741
      1 12743
      1 12746
      1 12751
      1 12753
      1 12754
      1 12759
      1 12766
      1 12772
      1 12776
      2 12781
      1 12782
      1 12784
      1 12788
      1 12790
      1 12797
      1 12805
      1 12811
      1 12814
      1 12815
      1 12822
      1 12823
      1 12836
      1 12838
      1 12843
      1 12844
      1 12855
      1 12871
      1 12873
      1 12884
      1 12888
      1 12899
      1 12901
      1 12902
      1 12905
      1 12908
      1 12920
      1 12923
      1 12937
      1 12942
      1 12943
      1 12949
      1 12956
      1 12958
      1 12967
      1 12973
      1 12976
      1 12984
      1 12985
      1 12989
      2 12991
      1 12993
      1 13009
      1 13010
      1 13014
      2 13016
      1 13024
      1 13029
      1 13030
      1 13036
      1 13037
      1 13050
      2 13051
      2 13052
      3 13055
      1 13057
      1 13058
      1 13059
      1 13062
      1 13069
      1 13071
      1 13073
      1 13074
      1 13082
      2 13084
      1 13086
      1 13091
      1 13092
      1 13096
      2 13099
      1 13105
      1 13125
      1 13127
      1 13137
      1 13139
      1 13140
      1 13142
      1 13146
      1 13160
      1 13165
      1 13171
      2 13174
      2 13182
      1 13189
      1 13206
      1 13208
      1 13222
      1 13223
      1 13226
      1 13227
      1 13241
      1 13242
      1 13255
      1 13256
      1 13257
      1 13264
      1 13265
      1 13266
      2 13269
      1 13272
      1 13277
      1 13279
      1 13288
      1 13301
      1 13304
      1 13306
      1 13313
      3 13320
      1 13324
      1 13331
      1 13335
      1 13341
      1 13343
      2 13367
      1 13370
      1 13391
      2 13416
      1 13421
      1 13423
      1 13425
      1 13426
      1 13427
      1 13430
      1 13432
      1 13442
      2 13452
      1 13454
      1 13455
      1 13458
      1 13468
      1 13472
      1 13474
      1 13478
      1 13481
      1 13482
      2 13485
      1 13490
      1 13492
      2 13493
      1 13497
      1 13498
      1 13502
      1 13511
      1 13518
      1 13530
      1 13537
      1 13542
      1 13549
      1 13555
      1 13567
      2 13571
      1 13580
      1 13582
      1 13602
      1 13610
      1 13612
      1 13625
      1 13627
      1 13631
      1 13647
      1 13669
      1 13679
      1 13680
      2 13693
      1 13698
      1 13704
      1 13709
      1 13711
      1 13718
      1 13729
      1 13739
      1 13744
      1 13751
      1 13766
      1 13767
      1 13770
      2 13771
      1 13773
      1 13775
      1 13798
      1 13800
      1 13804
      1 13811
      1 13825
      2 13826
      1 13831
      1 13833
      1 13837
      2 13847
      1 13851
      1 13852
      1 13863
      1 13866
      1 13873
      1 13875
      1 13885
      1 13889
      1 13906
      1 13908
      1 13923
      1 13926
      1 13929
      1 13934
      1 13935
      1 13947
      1 13948
      1 13964
      1 13966
      1 13971
      1 13976
      1 13997
      1 14001
      1 14006
      1 14012
      1 14016
      1 14017
      1 14027
      1 14040
      1 14049
      1 14056
      1 14064
      1 14066
      1 14078
      1 14093
      2 14097
      1 14105
      1 14118
      1 14127
      1 14141
      1 14142
      1 14153
      1 14164
      1 14168
      1 14183
      1 14198
      1 14199
      1 14210
      1 14218
      1 14219
      1 14234
      2 14252
      1 14255
      1 14256
      1 14258
      1 14259
      2 14265
      1 14267
      1 14284
      1 14285
      1 14294
      1 14302
      1 14322
      1 14325
      1 14328
      1 14337
      1 14343
      1 14348
      1 14353
      1 14358
      1 14375
      1 14377
      2 14385
      1 14394
      1 14402
      1 14409
      1 14433
      2 14435
      1 14442
      1 14455
      1 14459
      1 14463
      1 14465
      1 14474
      1 14475
      1 14493
      1 14506
      1 14514
      1 14522
      1 14526
      1 14527
      1 14539
      1 14549
      1 14550
      1 14573
      1 14575
      1 14582
      2 14596
      1 14597
      1 14599
      1 14601
      1 14613
      1 14617
      1 14632
      1 14634
      2 14638
      1 14640
      1 14671
      1 14677
      1 14679
      1 14682
      1 14695
      1 14697
      1 14705
      1 14706
      1 14711
      1 14715
      1 14720
      1 14721
      1 14725
      1 14740
      1 14759
      1 14763
      2 14764
      1 14781
      1 14812
      1 14819
      1 14823
      1 14828
      1 14838
      1 14840
      1 14850
      1 14856
      1 14857
      1 14868
      1 14874
      1 14877
      1 14905
      1 14916
      1 14918
      1 14921
      1 14928
      1 14934
      1 14938
      1 14948
      1 14951
      1 14952
      1 14955
      1 14978
      1 14979
      1 14980
      2 14986
      1 14989
      1 15010
      1 15026
      1 15032
      1 15071
      1 15074
      1 15091
      1 15097
      1 15098
      1 15112
      1 15118
      1 15123
      1 15124
      1 15130
      1 15133
      1 15139
      1 15140
      1 15146
      1 15154
      1 15156
      2 15177
      1 15181
      2 15184
      1 15189
      1 15192
      1 15193
      1 15202
      1 15213
      1 15214
      1 15228
      1 15230
      1 15253
      1 15254
      1 15265
      1 15269
      1 15274
      1 15284
      1 15317
      1 15319
      1 15326
      2 15334
      1 15346
      1 15352
      2 15357
      1 15385
      1 15390
      1 15393
      1 15397
      2 15399
      2 15408
      1 15414
      1 15429
      1 15431
      1 15435
      1 15437
      1 15440
      1 15443
      1 15449
      1 15450
      1 15452
      1 15453
      1 15477
      1 15483
      1 15499
      1 15500
      1 15529
      1 15531
      1 15535
      1 15546
      1 15553
      1 15574
      1 15586
      1 15594
      1 15596
      2 15614
      1 15619
      1 15653
      1 15661
      2 15666
      1 15667
      1 15669
      1 15672
      1 15675
      1 15700
      1 15704
      1 15710
      1 15716
      1 15726
      1 15727
      1 15750
      1 15751
      1 15762
      1 15764
      1 15765
      1 15769
      1 15770
      1 15778
      2 15780
      2 15802
      1 15810
      1 15817
      1 15821
      1 15827
      1 15833
      1 15839
      1 15843
      1 15845
      1 15848
      1 15866
      1 15879
      1 15890
      1 15893
      1 15900
      1 15903
      1 15906
      1 15911
      1 15919
      1 15930
      1 15937
      1 15944
      1 15945
      1 15953
      1 15973
      1 15974
      1 15986
      1 15994
      1 16008
      1 16038
      1 16039
      1 16041
      1 16064
      1 16067
      1 16079
      1 16084
      1 16085
      1 16093
      1 16098
      1 16116
      1 16120
      1 16123
      1 16125
      1 16127
      1 16133
      1 16159
      1 16169
      1 16170
      1 16180
      1 16182
      1 16183
      1 16184
      1 16232
      1 16252
      1 16278
      1 16286
      1 16289
      1 16319
      1 16323
      1 16331
      1 16334
      1 16335
      1 16345
      1 16353
      1 16355
      1 16363
      1 16364
      1 16374
      1 16376
      1 16380
      1 16384
      1 16409
      1 16418
      1 16427
      2 16428
      1 16451
      1 16452
      1 16470
      1 16481
      1 16511
      1 16515
      1 16519
      1 16536
      2 16540
      1 16543
      1 16563
      1 16572
      1 16584
      1 16593
      1 16602
      1 16633
      1 16651
      1 16662
      1 16666
      1 16672
      1 16676
      1 16677
      1 16697
      1 16702
      1 16703
      1 16705
      1 16711
      1 16712
      1 16734
      1 16760
      1 16779
      1 16783
      1 16791
      1 16812
      1 16830
      1 16834
      1 16842
      1 16851
      1 16863
      1 16864
      1 16867
      1 16872
      1 16873
      1 16880
      1 16882
      1 16885
      1 16894
      2 16898
      1 16909
      1 16911
      1 16920
      1 16938
      1 16954
      1 16981
      1 17000
      1 17003
      1 17005
      1 17010
      1 17011
      1 17017
      1 17020
      1 17023
      1 17024
      1 17026
      1 17030
      1 17033
      1 17034
      1 17045
      1 17047
      1 17050
      1 17057
      1 17060
      1 17095
      1 17096
      2 17109
      1 17128
      1 17134
      1 17138
      1 17159
      1 17176
      1 17193
      1 17216
      1 17230
      1 17253
      1 17262
      1 17266
      1 17291
      1 17294
      1 17330
      2 17338
      1 17345
      1 17348
      1 17363
      2 17375
      1 17378
      1 17379
      2 17403
      2 17407
      1 17412
      1 17418
      1 17427
      1 17433
      1 17438
      1 17444
      1 17461
      1 17464
      1 17473
      1 17475
      1 17477
      1 17518
      1 17525
      1 17534
      1 17548
      1 17578
      1 17586
      1 17595
      1 17630
      1 17634
      1 17641
      1 17674
      1 17678
      1 17704
      1 17726
      1 17727
      1 17730
      1 17741
      1 17757
      1 17774
      1 17798
      1 17807
      1 17809
      1 17810
      1 17819
      1 17824
      1 17832
      1 17845
      1 17851
      2 17857
      2 17865
      1 17868
      1 17900
      1 17904
      1 17906
      1 17910
      1 17935
      1 17943
      1 17944
      1 17949
      2 17955
      1 17961
      1 17963
      2 17982
      1 17987
      1 18006
      1 18015
      1 18016
      1 18019
      1 18020
      1 18033
      1 18061
      1 18066
      1 18073
      2 18085
      1 18088
      1 18117
      1 18118
      1 18131
      1 18137
      1 18172
      1 18182
      1 18195
      1 18199
      1 18201
      1 18241
      1 18246
      1 18249
      1 18267
      1 18277
      1 18286
      1 18289
      1 18322
      1 18342
      1 18344
      1 18351
      1 18356
      1 18369
      1 18382
      1 18399
      1 18410
      1 18416
      1 18537
      1 18544
      1 18552
      1 18554
      1 18569
      1 18594
      1 18595
      2 18607
      1 18620
      1 18651
      1 18664
      1 18665
      1 18677
      1 18688
      1 18700
      2 18725
      1 18740
      1 18744
      1 18748
      1 18754
      1 18760
      1 18768
      1 18794
      1 18804
      1 18808
      1 18820
      1 18840
      1 18860
      1 18865
      1 18898
      1 18906
      1 18930
      1 18935
      2 18938
      1 18963
      1 18966
      1 18978
      1 18985
      1 18993
      1 18994
      1 19001
      1 19009
      1 19017
      1 19021
      1 19028
      1 19048
      2 19058
      1 19060
      1 19069
      1 19094
      1 19110
      1 19125
      1 19126
      1 19127
      1 19132
      1 19147
      1 19150
      1 19152
      1 19168
      1 19201
      1 19207
      1 19236
      1 19256
      1 19265
      1 19312
      1 19315
      1 19336
      1 19350
      1 19356
      1 19387
      1 19403
      1 19414
      1 19417
      1 19440
      1 19460
      1 19462
      2 19463
      1 19480
      1 19488
      1 19492
      1 19497
      1 19520
      1 19542
      1 19543
      1 19546
      1 19553
      1 19563
      1 19566
      1 19595
      1 19600
      1 19644
      1 19653
      1 19670
      1 19674
      2 19682
      1 19709
      1 19744
      1 19756
      1 19779
      1 19781
      1 19793
      1 19801
      1 19852
      1 19861
      1 19876
      1 19887
      1 19920
      1 19944
      1 19981
      2 19988
      1 19997
      1 20003
      1 20046
      1 20064
      1 20104
      1 20126
      1 20132
      1 20167
      1 20172
      1 20180
      1 20191
      1 20199
      1 20210
      1 20213
      1 20216
      1 20231
      1 20251
      2 20260
      1 20279
      1 20312
      1 20343
      1 20348
      1 20352
      1 20360
      1 20371
      1 20379
      1 20391
      1 20420
      1 20422
      1 20444
      1 20459
      1 20466
      1 20528
      1 20563
      1 20580
      1 20611
      1 20615
      1 20621
      1 20624
      1 20632
      1 20643
      1 20687
      1 20708
      1 20737
      1 20743
      1 20757
      1 20769
      1 20778
      1 20784
      1 20786
      1 20791
      1 20814
      1 20818
      2 20844
      1 20859
      1 20866
      1 20896
      1 20925
      1 20937
      1 20950
      1 20977
      1 20984
      1 21009
      1 21011
      1 21032
      1 21054
      1 21064
      1 21070
      1 21073
      1 21109
      2 21127
      1 21132
      1 21143
      1 21155
      1 21159
      1 21220
      1 21232
      1 21241
      1 21267
      1 21307
      1 21316
      1 21320
      1 21378
      1 21455
      1 21483
      1 21517
      1 21518
      1 21564
      1 21593
      1 21608
      1 21623
      1 21632
      1 21653
      1 21695
      1 21696
      1 21724
      1 21733
      1 21956
      1 21961
      1 21971
      1 21980
      1 22021
      1 22035
      1 22065
      1 22105
      1 22221
      1 22237
      1 22239
      1 22282
      1 22328
      1 22362
      1 22397
      1 22405
      1 22428
      1 22454
      1 22480
      1 22502
      1 22511
      1 22526
      1 22542
      1 22589
      1 22642
      1 22663
      1 22703
      1 22706
      1 22751
      1 22763
      1 22796
      1 22809
      1 22818
      1 22847
      1 22852
      1 23006
      1 23046
      1 23070
      1 23075
      1 23086
      1 23110
      1 23117
      1 23156
      1 23184
      1 23228
      1 23299
      1 23305
      1 23427
      1 23473
      1 23491
      1 23504
      1 23519
      1 23529
      1 23562
      1 23616
      1 23628
      1 23637
      1 23699
      1 23726
      1 23761
      1 23766
      1 23807
      1 23853
      1 23880
      1 23886
      1 23969
      1 23974
      1 23978
      1 24013
      1 24042
      1 24048
      1 24078
      1 24190
      1 24202
      1 24219
      1 24225
      1 24267
      1 24300
      1 24339
      1 24373
      1 24395
      1 24403
      1 24444
      1 24459
      1 24463
      1 24491
      1 24548
      1 24561
      1 24615
      1 24627
      1 24634
      1 24637
      1 24638
      1 24668
      1 24692
      1 24713
      1 24725
      1 24824
      1 24868
      1 24894
      1 24930
      1 25046
      1 25134
      1 25143
      1 25202
      1 25290
      1 25361
      1 25380
      1 25397
      1 25466
      1 25480
      1 25499
      1 25506
      1 25592
      1 25596
      1 25706
      1 25741
      1 25745
      1 25747
      1 25757
      1 25801
      1 25886
      1 25891
      1 25954
      1 25985
      1 26191
      1 26242
      1 26511
      1 26525
      1 26544
      1 26587
      1 26898
      1 26965
      1 27029
      1 27258
      1 27335
      1 27354
      1 27370
      1 27376
      1 27755
      1 27969
      1 28142
      1 28185
      1 28237
      1 28242
      1 28285
      1 28421
      1 28472
      1 28530
      1 28664
      1 28884
      1 29041
      1 29066
      1 29079
      1 29173
      1 29269
      1 29335
      1 29360
      1 29393
      1 29409
      1 29441
      1 29458
      1 29653
      1 30233
      1 30339
      1 30388
      1 30756
      1 30889
      1 30985
      1 31003
      1 31185
      1 31454
      1 31546
      1 31561
      1 31623
      1 31656
      1 31803
      1 31820
      1 31832
      1 31887
      1 31910
      1 32215
      1 32284
      1 32316
      1 32382
      1 32387
      1 32439
      1 32564
      1 32643
      1 32713
      1 32720
      1 32750
      1 33014
      1 33121
      1 33164
      1 33185
      1 33381
      1 33443
      1 33466
      1 33469
      1 33568
      1 33859
      1 33920
      1 33951
      1 33966
      1 33983
      1 34023
      1 34055
      1 34077
      1 34098
      1 34112
      1 34115
      1 34145
      1 34213
      1 34277
      1 34305
      1 34350
      1 34484
      1 34580
      1 34638
      1 34639
      1 34700
      1 34736
      1 34803
      1 34866
      1 34901
      1 34917
      1 34927
      1 34931
      1 34953
      2 34995
      1 35007
      1 35032
      1 35047
      1 35081
      1 35113
      1 35225
      1 35281
      1 35297
      1 35316
      1 35330
      1 35422
      1 35435
      1 35436
      1 35490
      1 35501
      1 35536
      1 35550
      1 35553
      1 35578
      1 35621
      1 35648
      1 35673
      1 35728
      1 35765
      1 35820
      1 35843
      1 35848
      1 35889
      1 36055
      1 36079
      1 36088
      1 36159
      1 36182
      1 36220
      1 36263
      1 36315
      1 36357
      1 36408
      1 36461
      1 36566
      1 36621
      1 36667
      1 36679
      1 36732
      1 36767
      1 36816
      1 36874
      1 36985
      1 37031
      1 37225
      1 37353
      1 37433
      1 37450
      1 37471
      1 37594
      1 37615
      2 37652
      1 37662
      1 37767
      1 37847
      1 37914
      1 38013
      1 38133
      1 38145
      1 38198
      1 38207
      1 38236
      1 38255
      1 38284
      1 38290
      1 38360
      1 38484
      1 38521
      1 38571
      1 38708
      1 38712
      1 39195
      1 39252
      1 39279
      1 39720
      1 39771
      1 39900
      1 40227
      1 40229
      1 40462
      1 40484
      1 40591
      1 40690
      1 40754
      1 41040
      1 41207
      1 41211
      1 41780
      1 41785
      1 41834
      1 41916
      1 42252
      1 42504
      1 42803
      1 42854
      1 43098
      1 43283
      1 43496
      1 44424
      1 44688
      1 44875
      1 45093
      1 45251
      1 45518
      1 45520
      1 45934
      1 46207
      1 46467
      1 46622
      1 46837
      1 47072
      1 47617
      1 47903
